Country,Government_Type,Capital,Mean_Temp,electricity_access_percent,Real_GDP_per_Capita_USD,Real_GDP_Growth_Rate_percent,Unemployment_Rate_percent,Youth_Unemployment_Rate_percent,Public_Debt_percent_of_GDP,Population_Growth_Rate,Median_Age,Total_Literacy_Rate,population_density,electricity_capacity_per_capita,internet_users_per_100,broadband_subs_per_100,mobile_subs_per_100,road_density_per_1000km2,rail_density_per_1000km2,airports_per_million,pipelines_per_1000km2,co2_per_capita_tonnes,co2_per_gdp_tonnes_per_billion,z_electricity_access,z_electricity_capacity_per_capita,z_internet_users_per_100,z_broadband_subs_per_100,z_mobile_subs_per_100,z_gdp_per_capita,z_gdp_growth,z_unemployment,z_youth_unemployment,z_public_debt,z_road_density,z_rail_density,z_airports_per_million,z_co2_per_capita,z_co2_per_gdp
AFGHANISTAN,Theocracy,Kabul,14.24,97.0,1500.0,-20.74,13.28,20.2,7.0,2.26,19.5,37.3%,60.15056498474465,0.019779770102484953,17.893554912299532,0.0677253210854414,58.62560726251983,53.51333118685126,,1.1725121452503968,,201187.7904882909,129819.07894736843,0.4190962984723743,-0.11558590708951104,-0.11438879083309912,-0.12773987512090557,-0.1129968001509079,-0.90885479148999,-3.7643442306896553,0.6047034915734458,0.04939320265939021,-1.3886575443303166,-0.10177487879171995,,-0.23407209616483696,-0.2785002277451339,0.9475417227275911
ALBANIA,Republic,Tirana,14.29,100.0,14500.0,8.52,11.82,27.8,84.06,0.19,34.3,98.4%,113.20610993503175,0.8160249108450065,73.86460176791427,16.4087423963147,84.97060085677779,143.9886123074677,15.4755821592817,,,0.967236164573299,0.07349338559529642,0.5465242270619476,-0.11161778036162141,-0.10651278160288852,-0.1189491393141521,-0.11014900849487286,-0.3290470515473095,0.6366987844410286,0.394181352925721,0.6602696753473623,0.6705992197327665,-0.09892664784778572,-0.09056823455207923,,-0.3421695762432399,-0.37544197504869214
ALGERIA,Republic,Algiers,24.18,99.0,11000.0,3.5,12.7,31.9,27.5,1.27,28.9,81.4%,18.79231066363247,0.48469116343261437,69.79695743355248,8.46871016250403,105.07231514407643,43.66555543426235,1.6878416619782177,3.3289842053775027,9.846162889316215,3.373668557127536,0.3096038710735668,0.5040482508654232,-0.1132689983492538,-0.1070851633274128,-0.12322052128157819,-0.10797609112389098,-0.4851491353780312,-0.11836737878371623,0.5210714090969524,0.9898214566658733,-0.840840730635881,-0.10208489429297113,-0.09058807070184452,-0.2322365764338482,-0.3421688146825166,-0.3754395688499844
AMERICAN SAMOA,Republic,Pago Pago,27.92,59.0,11200.0,-1.87,29.8,,12.2,1.74,27.2,,199.19642857142858,1.05333930972658,40.643209323173465,,5.042581801882564,1075.892857142857,,,,7956073.509636934,539.5136778115501,-1.1949907969955549,-0.11043511241059707,-0.11118755558398263,,-0.1187889174374794,-0.47622901630198994,-0.9260775972133736,2.9867759096970183,,-1.2496991330517282,-0.06958959054276002,,,2.1756789945029227,-0.36994454755396416
ANDORRA,Democracy,Andorra la Vella,9.14,100.0,37900.0,5.52,14.73,36.9,141.22,0.11,46.2,100%,182.6239316239316,1355.3259699536668,51691.86128141527,18941.009500631815,66463.87887864464,574.7863247863247,0.0,0.0,,3276.079936350447,0.1557285873192436,0.5465242270619476,6.6386489918845735,7.156953619921123,10.06163905467993,7.065153595161897,0.7146068803495155,0.18546402554177863,0.8137836977646796,1.3917138729079601,2.198072832941251,-0.08536480686690401,-0.09059049896628667,-0.23507010083052418,-0.34113310532278907,-0.3754411369908832
ANGOLA,Republic,Luanda,21.71,48.0,5900.0,1.1,8.53,18.5,65.0,3.34,15.9,71.1%,28.861218416619877,0.20410612951773452,32.100024454382265,0.6409165921580169,42.5995505829823,20.855057351407716,2.2146466672014116,2.834807354412979,1.1366006256517205,0.5280523503318295,0.09319664492078285,-1.6622265351573238,-0.11466730763310726,-0.11238971646290222,-0.12743152387155926,-0.11472915473766623,-0.7126121718170828,-0.4793551859031161,-0.08021442525990584,-0.08725021886291924,0.16126319685394003,-0.10280298619256442,-0.09058731279789481,-0.23265720389168307,-0.34216971523120576,-0.37544177425304753
ANGUILLA,Democracy,The Valley,,100.0,12200.0,-8.5,8.0,,20.1,1.77,35.7,,209.65934065934067,,68.43125949997379,26.206824257036534,136.27548613658996,1923.076923076923,,4926.882960322869,,,,0.5465242270619476,,-0.10727733857041466,-0.11367820980872284,-0.10460314932846453,-0.4316284209217838,-1.9233064143807157,-0.15663684545394288,,-1.0385892389938725,-0.04291958916874278,,3.9585343762021457,,
ANTIGUA AND BARBUDA,Democracy,Saint John’s,28.23,100.0,19100.0,5.27,11.0,,86.8,1.13,32.7,99%,229.09480812641084,1.1528342973130092,87.97012484111579,7.882627673935106,177.3591226635399,2641.083521444695,,29.55985377725665,,7183044.467873366,409550.5617977528,0.5465242270619476,-0.10993927425808467,-0.10452791199328357,-0.12353580742896152,-0.1001621675198174,-0.123884312798361,0.14786112896684114,0.2759428914934371,,0.7438196133680226,-0.020316193124095886,,-0.2099097030416936,1.9310394367843664,3.798281414282442
ARGENTINA,Republic,Buenos Aires,15.56,100.0,21500.0,10.4,10.9,29.9,57.6,0.8,32.4,99%,17.035852434875707,0.9594428980902451,83.97350709850684,20.53020765136139,126.69130633112842,102.78475092173392,6.528324362642462,24.40915736349956,13.219619321150732,4.139690132825497,0.19571456096052245,0.5465242270619476,-0.11090304978515941,-0.10509029915591091,-0.11673197547257273,-0.10563916200321734,-0.01684288388586613,0.9194725666845586,0.2615235669285245,0.8290644901690386,-0.03648531150405131,-0.10022377687081653,-0.09058110679504591,-0.21429381033925204,-0.3421685722606031,-0.3754407294943762
ARMENIA,Democracy,Yerevan,8.87,100.0,14200.0,5.7,20.9,36.1,63.4,0.4,36.6,99.8%,105.98485976669149,1.2154196710638787,74.00243083934213,14.399260510971395,120.41379804094288,273.02060064532145,24.323653512037726,3.6800485498768687,,2.0072992090237465,0.15147689977278464,0.5465242270619476,-0.10962737697714907,-0.1064933868782989,-0.1200301506294935,-0.10631773630863595,-0.3424272301613714,0.21253811107573373,1.7034560234197909,1.3274110863092263,0.11850676261437429,-0.09486462231562637,-0.09055550500668913,-0.2319377617433684,-0.34216924709575713,-0.37544118031977247
ARUBA,Democracy,Oranjestad,29.63,100.0,38900.0,17.17,7.7,,86.0,1.11,39.9,97.8%,0.6833333333333333,2406.5040650406504,86829.26829268293,15447.154471544716,113821.13821138212,5555.555555555556,,,,8130.081300813008,0.24154589371980678,0.5465242270619476,11.877246606429507,12.101341075462344,8.182101424530872,12.184289703429998,0.7592074757297217,1.937759005933866,-0.19989481914868085,,0.7224413962482399,0.0714336122367629,,,-0.33959696543306606,-0.3754402624278949
AUSTRALIA,Democracy,Canberra,22.77,100.0,49800.0,2.24,5.11,10.8,69.41,1.19,37.5,,3.44443278705596,3.118418893558961,84.31223325532973,32.0091714779311,106.83580610166612,113.71242987126251,4.694427450112596,18.139790211814553,,15758942.746513892,326035.96559812356,0.5465242270619476,-0.10014368697824486,-0.10504263504227493,-0.11055680670124714,-0.10778546458923083,1.2453539653739694,-0.3078859775214011,-0.5733553253799188,-0.7061645398757329,0.2791106187267429,-0.0998797651922241,-0.09058374518629052,-0.2196300942264879,4.6450435020645235,2.9471853138917816
AUSTRIA,Republic,Vienna,9.26,100.0,54100.0,4.56,6.3,11.4,99.91,0.31,44.5,,108.4463581781794,3.1737439127779656,92.57497600901927,29.147084284956925,121.71331393176942,1662.1869124871127,74.26769361392444,5.8159953293083655,30.1049184304688,7.2699941616354575,0.13410356921807304,0.5465242270619476,-0.09986797203035931,-0.10387993679289627,-0.11209648151178678,-0.10617726367965084,1.437136525508856,0.04106890269401867,-0.40176536305745825,-0.6579374499266825,1.094155146418464,-0.05113260593886595,-0.09048365150324245,-0.23011971247183863,-0.3421675816171062,-0.3754413573711451
AZERBAIJAN,Republic,Baku,13.94,100.0,14400.0,5.6,6.58,16.5,54.1,0.63,32.6,99.8%,126.11207929419453,0.7367198262273985,82.52951029771562,19.149475817653926,103.80553168437453,302.3272700867734,,3.5506882337389274,76.68010020694913,3.35875914002331,0.2392180985578566,0.5465242270619476,-0.11201300114203987,-0.10529349228468629,-0.11747474740128552,-0.10811302550398999,-0.33350711108533015,0.19749695244575863,-0.36139125427570273,-0.24800718535975397,-0.1300150114031013,-0.09394202598066152,,-0.23204786908816938,-0.34216881940088156,-0.37544028615042335
"BAHAMAS, THE",Democracy,Nassau,,100.0,30200.0,13.72,13.24,30.8,84.45,0.8,32.8,,35.81498501498501,1.612237383824071,107.50108784183338,23.151505684670916,129.98315239827284,269.73026973026975,,170.14962009215972,,8.3680141028931,0.2435064935064935,0.5465242270619476,-0.10764981643513385,-0.1017795974001088,-0.11532183445286125,-0.10528332620734115,0.3711822959219278,1.4188390331997285,0.5989357617474809,0.9014051250926144,0.6810211005786606,-0.09496820444559555,,-0.09024421104784318,-0.34216723412807504,-0.37544024244744945
BAHRAIN,Monarchy,Manama,28.57,100.0,49400.0,2.23,1.87,9.9,88.5,0.85,32.9,97.5%,2044.5868421052633,4.493251113659561,96.5321780362266,9.584229473719436,123.78276141235585,5423.684210526316,,472.36412452393546,97.36842105263158,27.67255770371829,0.5949910059499101,0.5465242270619476,-0.09329214315110436,-0.10332309604320486,-0.12262042181977106,-0.10595356443118714,1.2275137272218868,-0.30939009338439866,-1.0405414412830893,-0.7785051747993085,0.7892483247475612,0.06728220158759585,,0.16699106509239847,-0.34216112484271405,-0.3754366604736209
BANGLADESH,Republic,Dhaka,26.18,98.0,5900.0,6.94,5.23,14.7,33.1,0.91,27.9,74.9%,1284.3548052546669,0.11042293911698076,39.656794666896836,6.01301023991673,108.2763443361798,2835.561189214105,18.898363678266882,0.10766550588297782,,0.5742160313758817,0.0959040959040959,0.4615722746688987,-0.11513418240918002,-0.11132635968671258,-0.12454157792944459,-0.10762974799170083,-0.7126121718170828,0.3990484780874237,-0.5560521359020236,-0.39268845520690526,-0.6911932107974011,-0.014193887623806295,-0.09056331026395256,-0.23497845941116655,-0.34216970062184193,-0.3754417466614518
BARBADOS,Republic,Bridgetown,27.41,100.0,13800.0,-0.19,10.41,30.6,146.93,0.24,39.5,99.6%,705.6534883720931,1.0249447156025588,79.35906351032031,42.18421980615033,104.35090679594373,3953.4883720930234,,,225.58139534883722,3.2956421723554943,0.25839793281653745,0.5465242270619476,-0.11057661826363882,-0.1057396241611515,-0.10508308610830362,-0.10805407256909634,-0.36026746831345385,-0.6733861322297936,0.1908688765604524,0.8853294284429309,2.350659857633701,0.02099931383302141,,,-0.3421688393754313,-0.37544009068899636
BELARUS,Republic,Minsk,9.34,100.0,19800.0,2.3,4.74,11.3,33.24,0.32,40.9,99.9%,46.24865943814687,1.210590148843977,89.00395178824732,34.693126586701645,125.32258337806442,426.8112370625924,27.24494825036964,6.926792224899516,34.376540167570234,5.75456584837806,0.292714657415438,0.5465242270619476,-0.1096514451380999,-0.1043824362333062,-0.10911295897929882,-0.10578711564728309,-0.09266389603221667,-0.2988612823434162,-0.6267068262700958,-0.6659752982515242,-0.6874520228014391,-0.09002317563421675,-0.09055130219768286,-0.2291742378437748,-0.34216806120285564,-0.37543974096772836
BELGIUM,Democracy,Brussels,11.77,100.0,51700.0,6.13,6.42,19.6,119.43,0.55,41.6,,393.47489926679435,2.2603516492408318,91.659697759701,39.73775253946466,98.54355929883017,3910.892397120021,118.96426448246253,3.4414355385968323,108.75883479754278,10.74399387659499,0.21340091028825797,0.5465242270619476,-0.10441990719270064,-0.10400873088099752,-0.10639917600052365,-0.10868182431581078,1.330095096596361,0.27721509318462617,-0.384462173579563,0.0011661127103399663,1.615783644141166,0.019658360011132615,-0.09041934743007564,-0.23214086147202861,-0.34216648220465484,-0.37544054925303366
BELIZE,Democracy,Belmopan,26.63,97.0,8800.0,15.23,8.22,19.3,99.0,1.61,23.9,,18.37836534245374,0.4867143678558562,59.16919766090801,8.589077079809227,62.03222335417775,143.86564939051127,,112.13517298639825,,1290747.4167157756,154571.42857142858,0.4190962984723743,-0.11325891561073892,-0.10858065677926367,-0.12315576926736561,-0.11262855816039731,-0.5832704452144848,1.6459605285123509,-0.12491433141113492,-0.0229474322641853,1.069837424444711,-0.09893051881431594,,-0.13962424444310637,0.06631137785792197,1.1997925770595352
BENIN,Republic,Porto-Novo,28.57,41.0,3300.0,7.16,1.57,3.9,54.6,3.31,17.0,45.8%,128.54502720977743,0.03340387293644938,31.08318281665395,0.2108382135805661,89.53491119633124,144.6366907125165,3.959429408255139,0.4219436581446237,,0.4219436581446237,0.13898540653231412,-1.959558368532995,-0.1155180107045503,-0.112532802121905,-0.12766288679008914,-0.10965562424507111,-0.8285737198056189,0.43213902707336865,-1.0837994149778272,-1.2607760742898126,-0.116653625703237,-0.09890624584466957,-0.09058480261344752,-0.23471095594559374,-0.34216974881129414,-0.37544130762040817
BERMUDA,Democracy,Hamilton,,100.0,80300.0,5.41,7.0,29.3,43.0,0.32,43.6,,1344.0,2.369929453262787,88.18342151675485,31.690917107583775,93.69488536155202,8277.777777777777,,,,10967813.051146384,155165.69200779728,0.5465242270619476,-0.1038738208297528,-0.10449789778628758,-0.1107280133082893,-0.10920594716791976,2.6056721244702583,0.16891875104880621,-0.3008300911030695,0.7808374002199883,-0.4266377739400884,0.1571312467018301,,,3.128800532753886,1.2058487075602344
BHUTAN,Monarchy,Thimphu,10.81,100.0,10900.0,4.09,4.33,18.8,117.33,0.96,29.1,70.9%,22.820779288430483,2.663833157760782,76.55952366006568,0.3639658928919938,88.79535164537921,317.8882116997448,,3.4239500742426507,,1065989.7897808787,110141.50943396226,0.5465242270619476,-0.10240913729754725,-0.10613356358054145,-0.12758051095220027,-0.10973556776492079,-0.4896091949160518,-0.02962454286686377,-0.6858260569862377,-0.06313667388839397,1.5596658242017356,-0.09345215565508902,,-0.23215574453748583,-0.004817394124285936,0.7470078826549682
BOLIVIA,Republic,La Paz,21.8,98.0,8100.0,6.11,8.51,17.4,49.0,1.06,25.3,92.5%,11.249024047794657,0.3146212986145913,64.99219314104234,7.647398314092663,98.75154264140254,83.60372601889965,3.6554937178125013,70.16202668635252,7.355296450386366,1.3950344487344946,0.17477125526883933,0.4615722746688987,-0.11411654986531537,-0.10776126945804168,-0.12366235029632693,-0.10865934212292457,-0.6144908619806292,0.2742068614586312,-0.0830982901728883,-0.17566655043617846,-0.26630114554171697,-0.10082761018294291,-0.09058523987971866,-0.17535043799317274,-0.3421694408584388,-0.3754409429273163
BOSNIA AND HERZEGOVINA,Republic,Sarajevo,12.23,100.0,15700.0,7.55,15.22,32.9,46.05,0.23,43.3,98.1%,74.38927852775119,1.254016793057553,65.86542653378729,20.23297662355125,97.925580471899,447.8871588489265,18.85244300310626,6.3029116300274906,,4.201941086684994,0.312256049960968,0.5465242270619476,-0.1094350263258661,-0.10763839174451366,-0.11689187246227783,-0.10874862543081748,-0.27552633709106206,0.49079954573027107,0.8844383881327517,1.0701999399142907,-0.34513332117091633,-0.08935968952110096,-0.09056337632912038,-0.22970526496109397,-0.3421685525601197,-0.3754395418216659
BOTSWANA,Republic,Gaborone,22.54,73.0,14800.0,11.37,24.72,41.2,19.66,1.37,25.7,88.5%,4.26586910874667,0.3168436744600835,79.58318925080948,10.73483741700433,172.0946345046898,56.01785682776631,1.5668837012333916,30.60891894261903,,2.06817019882561,0.13017443374121324,-0.6003271302442125,-0.11410547454624505,-0.1057080861339037,-0.12200144624438279,-0.10073123827697773,-0.31566687293324763,1.0653718053953158,2.254274221799455,1.737341350876155,-1.0503472584097528,-0.10169603441188518,-0.09058824472167215,-0.20901677247898456,-0.3421692278319892,-0.37544139741291066
BRAZIL,Republic,Brasília,26.02,99.0,14600.0,4.62,14.4,31.9,100.59,0.64,33.2,94.3%,26.164883215643673,0.8918433248796376,64.43328664908618,14.403966803072539,94.67604511536405,239.28768840914367,3.5713687495064694,18.716011468246318,2.7842318984845913,2085145.6705400245,145780.05115089513,0.5040482508654232,-0.11123993557513208,-0.1078399164181535,-0.12002761885498399,-0.10909988760293461,-0.32458699200928887,0.05009359787200375,0.7661999267004678,0.9898214566658733,1.1123266309702797,-0.09592656015400691,-0.09058536090864798,-0.21913963320677346,0.31771362404597314,1.110199770769804
BRITISH VIRGIN ISLANDS,Democracy,Road Town,,100.0,34200.0,2.0,2.9,,,1.87,37.2,,260.72185430463577,0.8382229673093042,61.18265640478549,17.11498895069725,88.90243592674439,1324.5033112582782,,101.60278391627931,,4394320.40437908,346.0,0.5465242270619476,-0.1115071552580496,-0.10829733137189125,-0.11856921027757958,-0.10972399236931961,0.5495846774427525,-0.3439847582333412,-0.8920223982644888,,,-0.06176314358811515,,-0.14858907561811083,1.0484953347724792,-0.37191664278105446
BRUNEI,Monarchy,Bandar Seri Begawan,,100.0,60100.0,-1.59,7.65,23.4,2.8,1.43,31.1,97.6%,92.11604938271606,2.60004824831801,90.92952240350853,14.655529690241675,124.4324121478543,565.2421652421652,,861.8716635978811,,18.557045388471128,0.33607169529499625,0.5465242270619476,-0.10272701252346053,-0.1041114780720565,-0.11989228928096131,-0.10588333970567068,1.7047400977900928,-0.8839623530494435,-0.20710448143113716,0.3066043490543257,-1.5008931842091766,-0.08566526429804787,,0.4985273676294966,-0.3421640096177751,-0.37543929911675206
BULGARIA,Republic,Sofia,13.24,99.0,24400.0,7.63,5.42,14.2,32.24,0.66,43.7,98.4%,62.934822885269476,1.6252825241046227,75.79379167560081,30.97736936518928,115.7448969907448,179.85233525979592,37.13740563559439,9.959377456890541,28.67571827558554,5.565534461203538,0.22646007151370678,0.5040482508654232,-0.10758480533846575,-0.10624131415010056,-0.11111187005723082,-0.10682242640871269,0.11249884271673184,0.5028324726342511,-0.5286554192286896,-0.43287769683111393,-0.7141747942011677,-0.09779763046080099,-0.09053707011474814,-0.22659299873006403,-0.342168121025388,-0.37544041616730134
BURKINA FASO,Republic,Ouagadougou,29.94,18.0,2200.0,6.91,4.76,7.7,72.53,2.46,17.9,46%,82.13705624543462,0.017430646259885777,21.521512218838563,0.0621589296089141,109.73443343240639,55.89481373265157,2.2717311906501094,1.0227164897381962,,0.17786373734577324,0.08303923603902844,-2.936505821053057,-0.11559761406344403,-0.11387828000940806,-0.1277428695903833,-0.10747213421407233,-0.8776343747238458,0.39453613049843117,-0.6238229613571132,-0.9553378379458268,0.36248566549389616,-0.10169990790248508,-0.09058723067151908,-0.23419959741393398,-0.3421698260549689,-0.37544187776706167
BURMA,Republic,Rangoon,24.58,72.0,4000.0,-17.91,2.17,6.4,33.6,0.75,29.2,89.1%,88.70632494169926,0.12501230587190582,40.98651010785817,1.187133899771733,117.18086882879821,240.24189451391564,7.698452046493692,1.104013740279008,7.742827937837027,0.5347566554476445,0.14289006683567643,-0.6428031064407369,-0.11506147558410701,-0.1111392477480422,-0.1271376834072722,-0.10666720342093405,-0.7973533030394746,-3.338679441461363,-0.9972834675883513,-1.0598298661687693,-0.6778318250975368,-0.09589652101711958,-0.09057942335547248,-0.234130399806322,-0.3421697131095025,-0.3754412678280688
BURUNDI,Republic,Gitega,20.27,10.0,700.0,1.8,1.79,3.4,51.7,3.59,17.7,74.7%,512.5760124610592,0.007597080047089741,5.728198355505665,0.032135648599189603,58.80515252201786,479.82866043613706,,0.5317956032962818,,54319.122336691646,80790.9604519774,-3.276313630625253,-0.11564662012316462,-0.11610064840791416,-0.1277590207718057,-0.11297739200453469,-0.9445352677941551,-0.37406707549329116,-1.0520769009350195,-1.3009653159140215,-0.1941496627624498,-0.08835414665801626,,-0.23461745349938004,-0.32497957596903915,0.4478968419551957
CABO VERDE,Republic,Praia,22.87,95.0,6100.0,6.95,15.42,34.3,125.8,1.19,26.8,90.8%,149.73989585916192,0.3394596134134568,68.38869284866227,4.113091384183831,97.72644854040645,334.73840813290354,,707.069536231932,,1.6559005532363749,0.2777777777777778,0.33414434607932536,-0.1139927669047849,-0.10728332836973883,-0.12556364923860042,-0.1087701508204869,-0.7036920527410415,0.40055259395042114,0.9132770372625769,1.1827298164620748,1.7860076979574369,-0.09292169860319756,,0.3667647705465158,-0.342169358302461,-0.3754398931892631
CAMBODIA,Monarchy,Phnom Penh,28.25,82.0,4400.0,3.03,0.61,1.8,30.4,1.04,26.4,83.9%,95.69297226864572,0.17488349733841407,60.386312554225576,1.383746431953358,117.81126850033849,267.75628133586383,3.6370846670254657,0.9472362753604011,,0.769629473730326,0.1799557032115172,-0.21804334447549245,-0.11481294005442653,-0.10840938951390905,-0.12703191466480354,-0.10659905966078637,-0.7795130648873921,-0.18906082434459873,-1.222224930800989,-1.429570889111489,-0.7633446935766683,-0.09503034710774896,-0.0905852663644562,-0.234263843747263,-0.3421696387795882,-0.3754408900926786
CAMEROON,Republic,Yaounde,25.12,65.0,3700.0,3.65,3.87,6.6,36.9,2.73,18.5,77.1%,63.750993209367266,0.058203331513566686,41.213533489081996,2.3977482942840083,74.47110957848975,164.13657422098115,2.087960906263883,1.0950455757968647,2.453935816885617,0.2322823948660016,0.06954793840039741,-0.940134939816408,-0.11539442138590744,-0.11110730197703304,-0.12648642704685004,-0.11128396279075996,-0.8107334816535364,-0.09580564083875374,-0.752154949984836,-1.043754169519086,-0.5896466794784326,-0.0982923746201317,-0.09058749505819537,-0.23413803321978566,-0.3421698088331627,-0.3754420152566902
CANADA,Democracy,Ottawa,-2.98,100.0,47900.0,4.54,7.51,14.0,72.09,0.73,41.8,,4.2356305438594815,3.9788158581246345,88.14514293215292,39.95665676343915,93.36201281437764,114.6202449725942,5.434866878092248,38.08733948795661,23.09340059891085,15889196.841601532,334061.135371179,0.5465242270619476,-0.09585585648862409,-0.10450328418698189,-0.10628141532558627,-0.10924192939957127,1.1606128341515776,0.03806067096802374,-0.22729153582201497,-0.4489533934807974,0.35072764607801565,-0.09985118647955299,-0.09058267993071885,-0.20265138118947731,4.6862648566213645,3.028969708592008
CENTRAL AFRICAN REPUBLIC,,Bangui,25.42,15.0,800.0,0.9,6.57,11.8,52.9,1.77,20.0,37.4%,8.912312354731421,0.00684409934174173,10.89652658356249,0.008987383082971376,32.41941793456609,38.52426386552463,,6.844099341741729,,51330.745063062976,63616.07142857142,-3.0639337496426307,-0.11565037263945589,-0.11537338309636944,-0.12777147350259968,-0.11582958760396264,-0.9400752082561344,-0.5094375031630661,-0.36283318673219395,-0.6257860566273156,-0.16208233708277564,-0.10224674607786192,,-0.2292446233690292,-0.3259253040788768,0.27286778430972414
CHAD,Republic,N’Djamena,27.41,11.0,1400.0,-1.2,1.88,2.4,52.5,3.05,16.1,26.8%,14.710264453621347,0.004696821520512288,16.519855003181153,,53.98645425876194,31.766200762388817,,3.185200801266954,,0.05398645425876193,0.040832993058391186,-3.2338376544287284,-0.1156610737038375,-0.11458209208028976,,-0.11349827460251115,-0.9133148510280107,-0.825301834392541,-1.039099508826598,-1.3813437991624389,-0.17277144564266703,-0.10245949506535332,,-0.23235896024772337,-0.34216986525826154,-0.375442307890303
CHILE,Republic,Santiago; note - Valparaiso is the seat of the national legislature,9.73,100.0,25400.0,11.67,9.13,21.4,23.6,0.63,35.5,97%,24.938367490710018,1.6069473084845556,92.18598689977824,20.290761071873963,143.24852204568575,104.5976671524525,,25.930678186428853,5.57264470054261,4.744074179637711,0.17739074342847927,0.5465242270619476,-0.10767617978515405,-0.10393467369683047,-0.11686078701535581,-0.10384939118431816,0.15709943809693805,1.1104952812852409,0.0063015221295703635,0.145847382557491,-0.9450595390948224,-0.10016670488338375,,-0.21299874070063482,-0.3421683809919212,-0.37544091623214854
CHINA,Communist,Beijing,8.52,100.0,12500.0,3.0,5.2,16.7,76.9,0.18,38.4,96.8%,151.52055785666724,1.684189257113502,71.5242625939034,34.21805526374932,123.86999693306305,531.8874036204713,16.083358977355704,0.3771734764880238,9.960960326642299,8162798.28514944,650603.4968979132,0.5465242270619476,-0.10729124074416603,-0.10684210424328655,-0.10936852608813989,-0.10594413460965042,-0.4182482423077219,-0.1935731719335912,-0.5603779332714975,-0.23193148871007055,0.47926417651071007,-0.08671529766629803,-0.09056736015558262,-0.23474906288577171,2.2411009319963338,6.254848558079278
COLOMBIA,Republic,Bogota,25.58,99.0,14600.0,10.68,14.34,26.4,90.4,0.54,31.2,95.6%,47.49827091556754,0.4006976261407032,76.94107890283318,15.738407142110376,152.01741089864302,197.72696640030807,2.0612303841340136,16.94487406816874,11.34783864445942,1.6417880377053446,0.10733594826672321,0.5040482508654232,-0.11368758426362084,-0.10607987273888854,-0.1193097496785214,-0.10290150830027778,-0.32458699200928887,0.9615878108484884,0.7575483319615202,0.5477397987995778,0.8400215904070457,-0.09723492342198069,-0.09058753351486927,-0.22064716845577775,-0.3421693627686316,-0.37544163015960175
COMOROS,Republic,Moroni,24.39,87.0,3200.0,2.11,9.45,21.7,32.4,1.34,20.9,62%,397.48456375838924,0.03939764379577162,24.92182381823953,0.1199939665322644,96.06822771387854,393.73601789709176,,237.5115097402232,,366960.9107834728,123018.86792452831,-0.005663463492870208,-0.11548814045337923,-0.11339980252779941,-0.12771175692905837,-0.10894939806215936,-0.8330337793436395,-0.3274394837403687,0.05244336073729068,0.16996092753201625,-0.7098991507772112,-0.09106440879246464,,-0.03290793489019164,-0.22603821061558588,0.8782408657906992
"CONGO, DEMOCRATIC REPUBLIC OF THE",Republic,Kinshasa,24.42,20.0,1100.0,6.2,5.43,10.1,18.1,3.13,16.7,80%,49.3416672253962,0.026095135695063203,18.865308048472908,0.02771323078269816,42.01683376731657,67.21207490975048,1.7674967623093998,1.7700708693465277,0.0613132143651127,0.017879503730773006,0.019425019425019428,-2.8515538686600084,-0.11555443415520725,-0.1142520498375317,-0.1277613998346555,-0.11479214416598199,-0.9266950296420725,0.2877439042256087,-0.5272134867721985,-0.7624294781496251,-1.0920347817933296,-0.10134363187785217,-0.09058795610362591,-0.23356347337821096,-0.34216987668498405,-0.37544252605866757
"CONGO, REPUBLIC OF THE",Republic,Brazzaville,25.28,49.0,3200.0,-2.2,23.01,42.3,130.8,2.33,19.5,80.6%,16.62516251830161,0.11078833562630548,31.605322983225165,0.017613407889714702,97.90691067342576,68.29868228404099,1.493411420204978,4.75562013022297,3.554904831625183,0.7045363155885881,0.21186440677966104,-1.6197505589607992,-0.11513236143774705,-0.1124593287637599,-0.1277668330873312,-0.10875064356364116,-0.8330337793436395,-0.9757134206922911,2.0077037717394486,1.8257576824494137,1.9196215549560796,-0.10130942464788804,-0.09058835042479083,-0.2310222697718658,-0.34216965937954064,-0.3754405649115197
COSTA RICA,Republic,Yamoussoukro,25.21,71.0,5300.0,7.04,3.47,5.7,47.0,2.16,20.3,89.9%,92.27852252966167,0.07486834059826586,41.40420292530406,0.8863464171409721,151.85461692814417,257.846624088452,2.075452118376242,0.9200933983400901,1.1760895337465371,0.3748528659904071,0.07517769272826681,-0.6852790826372614,-0.11531137049543941,-0.11108047177956545,-0.12729949361049347,-0.10291910569726255,-0.7393725290452066,0.4140896367173986,-0.8098322482444865,-1.1160948044426615,-0.31974668834117415,-0.09534231068571489,-0.09058751305434128,-0.2342869468920928,-0.34216976371405966,-0.3754419578839413
CROATIA,Republic,Zagreb,13.82,100.0,31600.0,13.07,8.68,23.6,104.89,0.47,43.9,99.4%,74.48527887947976,1.1848685095769276,79.6548242976716,24.72808586890797,105.5879262378578,481.61646478722264,46.753850001786546,16.549782826074495,53.95362132418623,3.8376308002491584,0.12971220105391165,0.5465242270619476,-0.10977963018945927,-0.10569800595277455,-0.11447370487720593,-0.10792035556391158,0.43362312945421644,1.3210715021048909,-0.058585438412536786,0.32268004570400943,1.2272345479891125,-0.0882978652117318,-0.09052323512628903,-0.22098345742692357,-0.3421686678529515,-0.3754414021235176
CUBA,Communist,Havana,26.42,100.0,12300.0,1.25,2.76,7.4,47.7,0.19,42.1,99.7%,100.03618648697869,0.6807771436560837,71.09064703775924,2.108634154786822,64.65786283492024,546.3485703879076,76.1883081405937,12.106345782358487,2.4676743762520488,1.4564025001333518,0.11678832116788321,0.5465242270619476,-0.11229179424554826,-0.10690312079227773,-0.12664195751393273,-0.1123447367133257,-0.42716836138376313,-0.45679344795815363,-0.9122094526553666,-0.9794513829203519,-0.3010407483613641,-0.08626004909274018,-0.09048088835308019,-0.22476556827266594,-0.34216942143736645,-0.37544153383059964
CURACAO,Democracy,Willemstad,,100.0,20800.0,4.23,13.0,42.2,33.2,0.3,36.7,,344.2545045045045,,73.24614488809218,35.98322527461743,111.22087812154479,1238.7387387387387,,,,,,0.5465242270619476,,-0.10659980824197444,-0.10841894362652753,-0.10731145530679757,-0.04806330065201047,-0.00856692078489869,0.5643293827916904,1.8177198341245724,-0.6885209336574282,-0.06446307782780863,,,,
CZECHIA,Republic,Prague,10.59,100.0,40700.0,3.54,2.89,7.6,34.7,0.0,43.3,99%,138.59751187748392,2.1001767006574297,85.27735502335928,35.91760769091526,122.63784995706243,721.6332025839191,123.6035056377594,11.955642325290238,101.42788716713918,9.246942110966668,0.2312976029157516,0.5465242270619476,-0.10521814690819761,-0.1049068271848145,-0.10845424294969376,-0.10607732492016271,0.8394885474140928,-0.11235091533172623,-0.8934643307209801,-0.9633756862706685,-0.6484367765578354,-0.08074195500965863,-0.0904126730455112,-0.22489384221328015,-0.34216695597480057,-0.3754403668680854
DENMARK,Monarchy,Copenhagen,10.03,100.0,59700.0,3.8,4.8,10.1,35.3,0.44,42.0,,140.14667483621625,2.968731713419777,98.21785294865431,43.55622951062253,122.54741226813458,1757.0344535042655,63.20403450063628,13.452196945544163,43.97417165480511,5.549031240036967,0.09363295880149813,0.5465242270619476,-0.10088966038510146,-0.10308589499167435,-0.10434500629474051,-0.10608710088366781,1.6868998596380105,-0.07324390289379126,-0.6180552315311482,-0.7624294781496251,-0.6324031137179984,-0.04814673291437673,-0.09049956857095678,-0.22362002300422598,-0.34216812624814236,-0.3754417698065788
DJIBOUTI,Republic,Djibouti,29.22,65.0,4900.0,4.81,28.39,79.9,31.8,1.93,24.9,,42.111432269197586,0.13317720866717275,77.75500106029547,2.566529699029753,50.12984777845049,124.80586712683348,4.184641932700604,13.317720866717274,,624908.4406690414,112338.8581952118,-0.940134939816408,-0.11502078539040321,-0.10596534105179355,-0.12639563020529593,-0.1139151588092181,-0.757212767197289,0.07867179926895616,2.78346343333175,4.847988652589907,-0.7259328136170483,-0.09953053531557096,-0.0905844786046395,-0.22373448472186042,-0.14440587053967432,0.7694010336369523
DOMINICA,Republic,Roseau,27.7,100.0,10900.0,6.68,23.0,,82.7,0.02,34.9,,99.40878828229027,0.5625803686240891,78.11830261465924,21.431633090441494,83.04757822546078,2013.3155792276964,,10072.867552507501,,2437848.2640377195,231.05243112860225,0.5465242270619476,-0.11288083367342777,-0.10591421879204915,-0.11624704893171182,-0.11035687978488617,-0.4896091949160518,0.3599414656494886,2.006261839282957,,0.6342562506291357,-0.0400788073595652,,8.338631122627074,0.4293329834980004,-0.3730880718733054
DOMINICAN REPUBLIC,Republic,Port-au-Prince,25.6,47.0,2900.0,-1.8,15.73,35.7,31.1,1.18,24.1,61.7%,237.38122930463575,0.30103935734330717,37.40106698531097,0.270264120406676,63.64284125705596,84.89238410596026,,1.2205476405462787,,0.2615459229742026,0.09129640900791236,-1.704702511353848,-0.11418423613605977,-0.11164377615538865,-0.12763091831195952,-0.11245445661019322,-0.8464139579577014,-0.915548786172391,0.9579769434138062,1.2952596930098597,-0.7446387535968583,-0.10078704224223847,,-0.2340312098946025,-0.34216979957216964,-0.3754417936183256
ECUADOR,Republic,Quito,21.79,100.0,10700.0,4.24,6.43,14.2,45.4,1.1,28.8,94.5%,63.15295061063932,0.5350240566354479,78.24598134245166,13.563191580366343,96.03207078561596,158.75538666599238,3.48575536138072,24.709257266037362,8.14185760057217,2.0591047721697806,0.18959342742784918,0.5465242270619476,-0.11301816190631625,-0.1058962523809297,-0.12047991829397535,-0.10895330648590773,-0.49852931399209305,-0.007062804921901222,-0.38302024112307176,-0.43287769683111393,-0.36250312258073986,-0.09846177851387368,-0.0905854840789375,-0.21403837494430264,-0.3421692307009137,-0.37544079187476376
EGYPT,Republic,Cairo,23.95,100.0,11600.0,3.33,9.33,24.3,103.0,1.59,24.1,73.1%,110.04743583304034,0.5461231518387771,72.29792001074975,8.534686387689199,94.43407068691788,65.34733035310663,5.108242503390426,0.20082755558541598,,2.145203434662398,0.18591772151898733,0.5465242270619476,-0.11296284902077618,-0.10673323844036844,-0.12318502902534595,-0.1091260441004049,-0.45838877814990747,-0.1439373484546737,0.03514017125939559,0.3789449839779015,1.1767285100436253,-0.10140233546056539,-0.09058314983875163,-0.23489916286771953,-0.3421692034533751,-0.37544082933383216
EL SALVADOR,Republic,San Salvador,26.01,97.0,9100.0,10.28,5.94,13.7,71.41,0.46,27.7,89.1%,318.63182278847546,0.39167753397643573,60.11477696645296,8.875600731252566,167.68331674837975,434.9210945417692,,10.299331906572943,,1.0602253433236852,0.1220149904131079,0.4190962984723743,-0.11373253633550626,-0.1084475988545552,-0.12300163236691265,-0.10120808462175258,-0.569890266600423,0.9014231763285884,-0.45367493149114374,-0.47306693845532266,0.33255616152620004,-0.0897678711274278,,-0.2263036404250959,-0.34216954681506795,-0.37544148056568527
EQUATORIAL GUINEA,Republic,"Malabo; note - Malabo is on the island of Bioko; in 2017, some governmental offices began to move to a new capital of Ciudad de la",25.03,66.0,14600.0,-0.95,9.24,18.3,37.4,3.36,20.3,95.3%,61.947702399201454,0.20084076894967184,49.72103850215371,0.057547498266381614,37.405873873148046,102.67013653702186,,4.028324878646713,,2.3018999306552645,0.16722408026755853,-0.8976589636198836,-0.11468358071771816,-0.1099101618166593,-0.1277453503340504,-0.11529057105175611,-0.32458699200928887,-0.7876989378176036,0.022162779150974213,-0.10332591551260266,-0.5762852937785684,-0.10022738501917611,,-0.23164132012229974,-0.3421691538638262,-0.37544101984047284
ERITREA,Republic,Asmara,27.19,52.0,1600.0,5.0,8.05,14.6,131.2,1.08,20.3,76.6%,62.12669306930693,0.03633584263137798,12.621924282478666,0.07968386541968854,28.686191551087877,158.41584158415841,3.0297029702970297,2.071780500911902,,127175.44920982292,82268.04123711342,-1.492322630371226,-0.11550339908971399,-0.11513059242215705,-0.12773344195928582,-0.11623313490060258,-0.9043947319519695,0.10725000066590872,-0.14942718317148643,-0.400726303531747,1.9303106635159704,-0.09847246765235396,-0.09058614019249955,-0.2333066678336332,-0.3019228230913215,0.46294975190624466
ESTONIA,Republic,Tallinn,7.58,100.0,38700.0,8.01,6.33,17.1,23.77,0.74,43.7,99.9%,28.375058978956307,2.5192016375642066,98.35694842371142,34.55463341874785,164.6907700775382,1378.0315183542514,33.99547041615552,14.96555428255964,,3.325678729457698,0.07762468464971861,0.5465242270619476,-0.10312991557501609,-0.10306632206411671,-0.10918746210507842,-0.10153156731340811,0.7502873566536805,0.5599888754281561,-0.3974395656879844,-0.19978009541070343,-0.9405166679568686,-0.06007803475025678,-0.09054159035485404,-0.22233190186252905,-0.3421688298697988,-0.3754419329466803
ESWATINI,Monarchy,Mbabane,21.44,82.0,8900.0,7.88,25.76,50.9,28.4,0.72,23.7,88.4%,65.68489886073006,0.2530877143613119,62.65248313559749,1.0619064938236864,123.88909094609674,219.0769588467798,17.49593117879563,12.388909094609675,,0.8849220781864053,0.0946969696969697,-0.21804334447549245,-0.11442320550168207,-0.10809050356449738,-0.1272050501468323,-0.10594207062087764,-0.5788103856764643,0.5404353692091886,2.404235197274547,2.517012638385803,-0.8167902363761255,-0.0965628093551812,-0.09056532791587317,-0.22452505945992476,-0.3421696022930784,-0.3754417589632584
ETHIOPIA,Republic,Addis Ababa,24.17,54.0,2300.0,5.64,3.69,5.7,31.45,2.42,19.8,51.8%,106.20636347884768,0.04169574893636343,17.516336044106545,0.18203251183091115,55.81185504249634,109.58807919239082,0.6009648266868508,0.48942703652650643,,0.13738302779691408,0.05736000573600057,-1.407370677978177,-0.11547668773365101,-0.11444187147844352,-0.12767838296836515,-0.11330095585569729,-0.8731743151858251,0.20351341589774866,-0.7781097342016788,-1.1160948044426615,-0.7352857836069533,-0.10000960290128341,-0.09058963437006744,-0.2346535162621293,-0.3421698388658497,-0.37544213946374416
FAROE ISLANDS,Democracy,Torshavn,6.6,100.0,40000.0,5.9,2.2,,35.0,0.63,37.2,,37.76022972002872,2.4334600760456273,98.34220532319392,35.06273764258555,112.16730038022814,689.1600861450107,,8764.25855513308,,16539923.954372624,435000.0,0.5465242270619476,-0.10355721285388626,-0.10306839665093045,-0.1089141247740243,-0.10720915073034278,0.8082681306479486,0.24262042833568373,-0.9929576702188775,,-0.6404199451379169,-0.08176423351425896,,7.224785189149697,4.892199672085235,4.057636288720089
FIJI,Republic,Suva,25.33,92.0,10400.0,-5.11,5.24,18.1,48.9,0.42,29.9,99.1%,51.863850279085035,0.4146619397315776,52.75597197602769,2.433316451422301,104.45682451253481,188.24559483419065,32.66936631279413,29.543344306575502,,1.0551194395205536,0.10438413361169102,0.20671641748975203,-0.1136179924216601,-0.10948309880111544,-0.12646729297024412,-0.10804262327462393,-0.5119094926061549,-1.4134111368245637,-0.5546102034455325,-0.11940161216228608,-0.2689734226816899,-0.0975334042396258,-0.09054349819461964,-0.20992375537269464,-0.3421695484309271,-0.37544166024150427
FINLAND,Republic,Helsinki,3.59,100.0,49600.0,2.1,7.53,18.1,61.3,0.22,42.8,,18.48022974507513,3.636609101568045,91.10224093701905,32.878736416370906,124.67559854528511,1494.3304313480244,19.47895923506081,26.35998369243171,,7.302427914795271,0.14879332244601706,0.5465242270619476,-0.09756126065082761,-0.10408717384977409,-0.11008901968374088,-0.10585705219905252,1.236433846297928,-0.32894359960336617,-0.22440767090903238,-0.11940161216228608,0.06238894267494426,-0.05641685615393739,-0.09056247497259935,-0.21263332964734072,-0.34216757135283593,-0.3754412076680721
FRANCE,Monarchy,Madrid,12.65,100.0,45900.0,6.8,8.1,18.8,123.0,0.12,46.3,98.6%,73.73613698360624,2.935267474504217,127.95075316988495,66.74768293740966,156.34458855548718,1644.5512134872515,43.50222585868491,9.825801041547615,28.513788456764,7.157587827679082,0.11089238845144357,0.5465242270619476,-0.1010564310617118,-0.09890200689704151,-0.09186904233784875,-0.1024337571740058,1.0714116433911651,0.3779908560054586,-0.14221752088903025,-0.06313667388839397,1.7111839380381966,-0.05168779121143062,-0.09052791317368161,-0.22670669468304672,-0.34216761719020156,-0.37544159391596876
FRENCH POLYNESIA,Democracy,Papeete,24.65,100.0,18600.0,1.02,14.39,38.9,,0.7,33.3,,78.77920041808206,0.9021917953616728,72.34118770896353,21.228042243804065,107.10807727007376,676.7703161745493,,179.1116064320968,,3.3168816005943853,0.17699115044247787,0.5465242270619476,-0.11118836346472115,-0.10672714999268619,-0.11635657169502721,-0.10775603313164493,-0.1461846104884641,-0.4913881128070961,0.7647579942439766,1.5524708394047948,,-0.08215427293476156,,-0.08261605622035303,-0.3421688326538154,-0.3754409203043951
GABON,Republic,Libreville,25.64,91.0,13800.0,1.46,22.26,38.4,62.7,2.39,21.0,85.5%,9.304132853644433,0.32702530441717753,69.07575307587321,1.860665529864418,131.16922391556074,55.49798771282315,2.518754826966589,18.35346096218853,9.492872583605973,0.8342482255540242,0.061842918985776124,0.1642404412932276,-0.11405473389377645,-0.10718664815746437,-0.1267753535357361,-0.10515511647526024,-0.36026746831345385,-0.4252070148352062,1.8995588375026036,1.5122815977805861,0.0998008226345644,-0.1017124002886378,-0.09058687528349546,-0.21944822454892599,-0.34216961832977066,-0.375442093778437
"GAMBIA, THE",Republic,Banjul,28.84,63.0,2100.0,4.27,11.21,15.5,88.0,2.23,21.8,58.1%,243.92974308300396,0.05549773978365604,34.7569786382313,0.20254649556078846,1093.7510760282578,294.1699604743083,,996.5287581590792,,245486.3526196756,110583.94160583941,-1.025086892209457,-0.1154079048350475,-0.11201584109605008,-0.1276673473632689,-0.0011037506288563577,-0.8820944342618664,-0.002550457332908819,0.30622347307975384,-0.3283856686081713,0.775886939047697,-0.09419882431684465,,0.6131431600409822,-0.26448111583354733,0.7515167028290121
GAZA STRIP,,,,100.0,5600.0,7.05,24.9,39.6,,1.99,18.0,97.5%,5828.858333333334,0.10245955349556254,171.67703414381222,17.961922217472548,193.14655195009124,,,,,1.4296681883101752,0.1079913606911447,0.5465242270619476,-0.11517386833216019,-0.09274902938633256,-0.11811359808649644,-0.0984556076289741,-0.7259923504311446,0.4155937525803961,2.2802290060162975,1.6087357776786873,,,,,-0.3421694298979415,-0.3754416234803028
GEORGIA,Republic,Tbilisi,10.32,100.0,15500.0,10.47,10.66,28.3,65.88,0.01,38.6,99.6%,70.82338593974175,0.9276009391478388,58.504291597706015,19.99049912993098,104.60190544102066,291.1764705882353,19.555236728837876,4.456698113398658,39.75609756097561,2.0257718697266625,0.17412502176562772,0.5465242270619476,-0.11106173574992384,-0.10867421955118235,-0.11702231450120885,-0.10802694058879926,-0.2844464561671033,0.9300013777255411,0.22691718797273405,0.7004589169715709,0.18477923568570104,-0.09429306166452972,-0.09056236523367653,-0.23127670258834088,-0.3421692412497367,-0.375440949513073
GERMANY,Republic,Berlin,11.19,100.0,51200.0,1.8,3.0,7.5,63.9,0.12,47.8,,241.54559012481644,2.5884531432512663,93.95319179069949,44.806361382444855,127.28540227364026,2380.460719530103,112.93995502936856,6.399891028497397,84.2769135462555,8630722.060640475,170629.3427230047,0.5465242270619476,-0.10278479729849242,-0.10368600009119874,-0.10367249130022092,-0.10557494253541158,1.307794798906258,-0.37406707549329116,-0.8776030736995761,-0.9714135345955103,0.13186814831423857,-0.028520797961060995,-0.09042801448502692,-0.229622719213026,2.389184198339043,1.3634385591600284
GHANA,Republic,Accra,28.36,86.0,5400.0,5.36,4.7,9.6,71.8,2.19,21.4,79%,148.7525501795344,0.15694563931327538,66.30007805327371,0.23155095441680543,119.52353821180179,288.85919844593974,4.16203363907653,0.2954548932855335,,0.5318188079139602,0.10086293847360753,-0.04813943968939466,-0.11490233425004356,-0.10757722941913797,-0.12765174426256548,-0.10641396994422445,-0.7349124695071859,0.16139817173381876,-0.6324745560960608,-0.8026187197738338,0.34297804237209417,-0.09436601116122598,-0.09058451113074471,-0.234818619118208,-0.34216971403923957,-0.37544169612595546
GIBRALTAR,Democracy,Gibraltar,,100.0,61700.0,,1.0,,7.5,0.19,35.5,,4558.307692307692,1.451280839717844,105.14023422997738,70.90688177123764,114.7524384893179,4461.538461538462,,,,472.51004083836784,6.862745098039215,0.5465242270619476,-0.108451951270269,-0.10211180674552484,-0.08963157951973796,-0.10692970732450462,1.776101050398423,,-1.1659895649978296,,-1.3752961586304524,0.03699311863698708,,,-0.3420203476671471,-0.3753727858779366
GREECE,Republic,Athens,16.05,100.0,29500.0,8.43,14.8,36.9,252.29,0.35,45.3,97.9%,80.35083086484956,2.0523748534783444,74.30273314983098,40.552393191011845,109.49182169820803,895.542951617718,17.94913009866281,7.335013400688443,11.94057268823624,6.668194000625857,0.2226250675826098,0.5465242270619476,-0.10545636975908614,-0.10645112960597441,-0.10596093579110313,-0.1074983596018233,0.33996187915578346,0.623161741674051,0.8238772249601185,1.3917138729079601,5.166171052309102,-0.07526714329849575,-0.09056467590754376,-0.22882677309492763,-0.3421677720680689,-0.37544045524977365
GREENLAND,Democracy,Nuuk,-18.56,100.0,41800.0,0.36,9.1,,13.0,0.04,34.3,100%,0.026673456178563548,3.2365820309119546,67.36244526368624,27.08517230039635,115.27943645395227,,,259.61887948491614,,10471294.805891618,251037.34439834024,0.5465242270619476,-0.09955481518538913,-0.10742773759389722,-0.11320569787387764,-0.10687274088793808,0.8885492023323197,-0.5906597597649311,0.0019757247600963998,,-1.2283209159319453,,,-0.014090852064525046,2.9716680094515198,2.1828753975122153
GRENADA,Democracy,Saint George’s,27.23,93.0,13700.0,4.69,24.0,,70.4,0.29,33.3,98.6%,332.26453488372096,0.4811940611903866,81.89048023167307,27.996745378349768,87.48982930734302,3276.1627906976746,,1994.768108207421,,2764678.6061120396,184795.3216374269,0.2491923936862765,-0.11328642632986868,-0.1053834138956134,-0.11271531235748376,-0.10987668966755952,-0.3647275278514745,0.060622408912986286,2.1504550849320836,,0.3055661624124744,-0.0003234127300120356,,1.4628124217679903,0.5327645831073211,1.5078038552989395
GUAM,Republic,Hagatna,27.91,100.0,35600.0,1.06,6.98,15.3,22.1,0.13,29.4,,311.26838235294116,2.6870607689127737,80.81852004960727,1.7716884190633675,57.87515502273667,1920.955882352941,,29.528140317722787,,5.905628063544558,0.17271157167530224,0.5465242270619476,-0.10229338135767264,-0.10553425560329395,-0.12682321923897227,-0.11307792112818434,0.6120255109750412,-0.4853716493551061,-0.303713956016052,-0.34446136525785476,-0.9851436961944153,-0.04298636115053233,,-0.20993669651950797,-0.3421680133963807,-0.37544096391752335
GUATEMALA,Republic,Guatemala City,24.58,97.0,8900.0,7.98,3.57,7.2,31.56,1.54,23.2,83.3%,167.79554680428149,0.28836309479615563,51.0544495704669,3.4036299713644604,123.04700184969492,162.74881251224815,7.465541858360007,16.18392682462513,,1.0566825074497508,0.12440254043082564,0.4190962984723743,-0.1142474089124439,-0.10972252984492238,-0.12594530772512358,-0.10603309718703684,-0.5788103856764643,0.5554765278391637,-0.795412923679574,-0.9955270795700355,-0.7323462787529832,-0.09833606241852992,-0.09057975843875712,-0.22129486230054915,-0.34216954793626486,-0.3754414562341959
GUERNSEY,Democracy,Saint Peter Port,,100.0,52500.0,0.4,7.37,15.8,,0.22,44.3,,867.2051282051282,,81.41243606043582,37.4560184500754,105.6813813902605,3333.3333333333335,,,,,,0.5465242270619476,,-0.10545068225160514,-0.1076266468163696,-0.10791025342430491,1.365775572900526,-0.5846432963129411,-0.24747859021289265,-0.3042721236336461,,0.0014763596122182542,,,,
GUINEA-BISSAU,Republic,Bissau,28.47,67.0,3500.0,6.06,3.72,5.0,48.3,2.54,18.0,52.9%,73.92674253200569,0.631127274126668,474.3075398543404,7.39905330908881,955.3487555440105,592.6386913229019,32.21906116642958,9.62084259339433,,4.8104212966971645,0.16952025767079165,-0.8551829874233592,-0.11253922680649574,-0.05016414326712063,-0.12379594879376839,-0.01606450482455422,-0.8196536007295777,0.2666862821436436,-0.7737839368322049,-1.1723597427165535,-0.28500708552152704,-0.0848028007348186,-0.0905441460397343,-0.22688114872888115,-0.34216835999513,-0.3754409964401605
GUYANA,Republic,Georgetown,27.11,92.0,21900.0,20.06,16.42,29.9,52.2,0.28,27.5,88.8%,4.022062596203181,0.47995614716465906,85.8868894926232,11.998903679116475,108.62165435831757,20.294743686785303,,147.77597162701346,,2.5260849850771527,0.11337868480725623,0.20671641748975203,-0.11329259553515605,-0.10482105606964423,-0.12132143517155292,-0.10759242131723151,0.0009973542662163478,2.372448490340143,1.0574702829117038,0.8290644901690386,-0.18078827706258552,-0.10282062529462765,,-0.10928794176493004,-0.34216908291625553,-0.37544156857815686
HONDURAS,Republic,"Tegucigalpa; note - article eight of the Honduran constitution states that the twin cities of Tegucigalpa and Comayaguela, jointly,",25.54,94.0,5600.0,12.53,8.51,15.5,39.5,1.16,24.4,88.5%,85.54251497005988,0.4169734850416117,50.14965492858271,4.146916757423612,78.99312448230928,131.75440164447224,6.247207078380552,10.761280120091708,,0.8358275821430452,0.1396891915488039,0.2916683698828009,-0.11360647272218799,-0.10984984872407981,-0.12554545270172962,-0.11079515051356245,-0.7259923504311446,1.2398492455030259,-0.0830982901728883,-0.3283856686081713,-0.5201674738391383,-0.0993117901424916,-0.09058151123292704,-0.22591044494796148,-0.3421696178299537,-0.3754413004481448
HUNGARY,Republic,Budapest,13.53,100.0,33600.0,7.12,4.12,13.5,96.11,0.31,43.6,99.1%,107.91457235961074,1.1244043309577065,89.2760285952164,,105.98390342759764,2272.1297205606643,85.78475136148558,4.23991332376216,,4.96380096440448,0.14715349949415985,0.5465242270619476,-0.11008095639037659,-0.10434415073458145,,-0.10787755196508408,0.5228243202146289,0.4261225636213786,-0.7161066385725543,-0.48914263510500605,0.9926086150994956,-0.03193114053894943,-0.09046708213987353,-0.2314612228360702,-0.34216831145525367,-0.37544122437948524
ICELAND,Republic,Reykjavik,1.24,100.0,53600.0,4.4,5.4,13.4,100.02,0.89,37.1,,3.599720698254364,8.221751756855616,102.52942871710745,39.29814449444679,121.170387284134,128.6583541147132,,266.02230153627875,,8.313196923008713,0.1503006012024048,0.5465242270619476,-0.07471097725108639,-0.1024791882663796,-0.10663566545307637,-0.10623595194508707,1.4148362278187527,0.017003048886058792,-0.5315392841416722,-0.4971804834298478,1.0970946512724342,-0.09940925608312122,,-0.008640464953814339,-0.342167251476001,-0.3754411923074151
INDIA,Republic,New Delhi,25.43,99.0,6600.0,8.68,5.98,28.3,46.52,0.7,28.7,74.4%,470.59830458365803,0.30930125384869733,40.02345417296809,1.6438204392469034,83.35670506513287,2143.0990184626426,23.047612448973208,0.2472877704258385,8.389297297551824,1654353.754739782,249459.85558788662,0.5040482508654232,-0.11414306256944241,-0.1112747649101916,-0.12689200648908866,-0.11032346437214277,-0.6813917550509385,0.6607646382489886,-0.44790720166517867,0.7004589169715709,-0.33257361861304374,-0.035993125579296584,-0.09055734082174807,-0.23485961742559563,0.18138143203715826,2.166799230757152
INDONESIA,Republic,Jakarta; note - Indonesian lawmakers on 18 January 2022 approved the relocation of the country’s capital from Jakarta to a site on,26.38,99.0,11900.0,3.69,4.41,16.1,42.92,0.76,31.1,96%,154.27308923921748,0.2471228817339697,59.89773460112435,4.194350673240876,130.91362229274316,274.1308777087707,4.503830657292104,2.4080749932232193,,2.014481755103525,0.17344423906346274,0.5040482508654232,-0.11445293153775417,-0.10847814013917838,-0.1255199353780337,-0.10518274601960324,-0.44500859953584565,-0.08978917738676374,-0.6742905973343075,-0.2801585786591208,-0.42877559565206663,-0.09482966994577144,-0.09058401939412958,-0.2330204247667864,-0.3421692448227055,-0.3754409564509201
IRAN,Republic,Tehran,19.18,100.0,15000.0,4.72,11.46,27.2,39.5,0.93,31.7,88.7%,57.1893176721,0.9196506124559347,79.36900000985263,10.919168484597705,155.15249402754554,145.91651187161096,,3.6419319624774147,,7.3751976418821625,0.489764973464746,0.5465242270619476,-0.11110135659308802,-0.10573822593892003,-0.1219022843801775,-0.10256261797018444,-0.3067467538572064,0.0651347565019787,0.3422717844920355,0.6120425853983117,-0.5201674738391383,-0.09886595609720612,,-0.23197020535789195,-0.34216754832348917,-0.37543773283066967
IRAQ,Republic,Baghdad,23.85,100.0,9000.0,2.78,14.19,27.2,27.44,1.94,21.2,85.6%,94.35121762730155,0.6874648637214621,52.2462633925578,15.155533563874412,91.23494536400318,136.32258492295944,5.194722052646862,2.4717619972360367,18.032910576243747,3.465313388281895,0.3665069072455596,0.5465242270619476,-0.11225846566445913,-0.1095548228394112,-0.11962330957576772,-0.10947185714335028,-0.5743503261384436,-0.22666372091953624,0.7359193451141511,0.6120425853983117,-0.8424440969198648,-0.09916798024424985,-0.09058302542233321,-0.23296621643520884,-0.34216878567978865,-0.375438988951926
IRELAND,Republic,Dublin,10.25,100.0,102500.0,13.59,6.63,17.4,71.58,0.91,37.8,,77.2903474006649,2.1468856727969676,89.2187834276955,28.483763402304774,100.93677844308903,1449.2690504188263,24.505320616117185,7.513160709700673,,6.57401562098809,0.06784523532604482,0.5465242270619476,-0.10498537045369224,-0.10435220603268838,-0.11245331845820529,-0.10842312660591386,3.5958053419108356,1.399285526980761,-0.3541815919932464,-0.17566655043617846,0.3370990326641539,-0.05783542283811103,-0.0905552436458168,-0.22867513982929877,-0.3421678018725858,-0.3754420326089138
ISRAEL,Democracy,Jerusalem; note - the US recognized Jerusalem as Israel’s capital in December 2017 without taking a position on the specific,20.95,100.0,42100.0,8.61,5.05,8.8,72.6,1.43,30.4,97.8%,420.68135088617015,2.1002086939329256,88.57300920551117,28.773279303429128,138.22254869773903,948.5509605991534,69.63762385449132,4.6442776362440314,56.054333162766895,6.745260376449664,0.15487736759254556,0.5465242270619476,-0.10521798746813936,-0.10444307665277301,-0.11229757186134895,-0.10439267941525007,0.9019293809463815,0.650235827208006,-0.5820069201188666,-0.8669215063725676,0.36435625949187694,-0.07359841069454846,-0.09049031269310093,-0.2311170409253505,-0.34216774767896696,-0.3754411456656518
ITALY,Republic,Rome,14.58,100.0,41900.0,6.74,9.83,30.9,131.8,0.11,46.5,99.2%,207.45854015094852,1.9901394344698304,72.51500302637473,29.708678964282548,128.01140345536857,1658.0539878969198,62.81022642279187,2.1139966983960092,73.48881485007139,5.440673673391279,0.13397901533494755,0.5465242270619476,-0.10576652302339214,-0.1067026914356073,-0.11179436870976825,-0.10549646462270303,0.8930092618703402,0.3689661608274737,0.10723679408395892,0.909442973417456,1.9463443263558082,-0.05126271356120139,-0.09050013513485552,-0.23327073476272442,-0.34216816053992927,-0.37544135864047196
JAMAICA,Democracy,Kingston,26.66,100.0,9600.0,4.6,9.18,26.1,106.28,0.09,29.4,88.7%,260.4544363401348,0.4310555685927808,81.39009749087374,13.66910529737517,102.9927876179288,2042.3783584156588,,9.925621645228507,,3.5448648732958947,0.36845983787767134,0.5465242270619476,-0.11353629396785152,-0.1054538256407312,-0.12042294145463606,-0.10820087998619493,-0.5475899689103199,0.04708536614600868,0.013511184412026542,0.5236262538250528,1.2643792002347352,-0.03916388887603456,,-0.2266217305923899,-0.34216876050422723,-0.3754389690496368
JAPAN,Monarchy,Tokyo,13.11,100.0,39300.0,1.0,2.6,4.1,261.3,0.41,48.6,,339.4357463270093,2.4733421006036265,94.21813768364788,35.346160150129606,165.4552705861315,3343.8193615649475,74.93038122282124,1.4144930313909627,12.70285471281397,9181167.119700495,229936.63967611335,0.5465242270619476,-0.10335845882762826,-0.10364871802456613,-0.10876165615019034,-0.10144892777274482,0.7770477138818042,-0.4943963445330911,-0.9352803719592269,-1.2447003776401293,5.406943222620657,0.0018064677889304617,-0.09048269810767627,-0.2338661298093039,2.5633828746133482,1.9678384061142753
JERSEY,Democracy,Saint Helier,,100.0,56600.0,1.0,7.37,15.8,,0.61,37.5,,886.0775862068965,,93.43581261857275,38.62333998151482,120.72092231356717,4965.51724137931,,,,4378070.730164907,80789.9461400359,0.5465242270619476,,-0.10375880350232129,-0.10699868007860919,-0.10628453736562554,1.5486380139593712,-0.4943963445330911,-0.24747859021289265,-0.3042721236336461,,0.05285875550541826,,,1.0433528201992146,0.4478865051161606
JORDAN,Monarchy,Amman,20.3,99.0,9200.0,2.23,19.25,40.5,75.14,0.79,23.5,98.4%,124.8475935226684,0.5090777106584132,82.35080613591978,5.687392010402359,65.62414875604281,81.11303799463975,5.731852886196257,1.6235646335668743,5.878245985450778,2.0745548095576725,0.2236918887375997,0.5040482508654232,-0.11314746679459038,-0.10531863877929112,-0.1247167459631322,-0.1122402849519817,-0.5654302070624023,-0.30939009338439866,1.4655371680987321,1.6810764126022628,0.43223209884718766,-0.10090601894403783,-0.09058225266281834,-0.23368817477891937,-0.34216922581145925,-0.37544044437781393
KAZAKHSTAN,Republic,Astana,7.93,100.0,26100.0,4.3,4.9,3.7,26.63,0.73,31.6,99.8%,7.239124347149684,1.2803257395925307,88.46947501220868,13.408063176517734,124.45593063747552,35.62136533688928,6.162166166611105,4.91212816724814,,13.457184458190216,0.530102997198315,0.5465242270619476,-0.10930391439991988,-0.10445764554701215,-0.12056337043211818,-0.1058807974481345,0.18831985486308236,0.001961890256083717,-0.6036359069662355,-1.2768517709394962,-0.8640895417536449,-0.10233813154043195,-0.09058163357960612,-0.2308890551592911,-0.34216562356454167,-0.375437321746425
KENYA,Republic,Nairobi,25.23,76.0,4700.0,7.52,5.74,13.8,54.2,2.09,20.0,82.6%,100.24247812489018,0.057912076147228764,26.940333244034687,1.1817130910949245,114.081391426671,283.6771268932073,6.710124046807464,3.452990012410432,,0.29797375741612864,0.0676132521974307,-0.47289920165463917,-0.11539587287131649,-0.11311576640980718,-0.12714059955971957,-0.10700224491002255,-0.7661328862733302,0.4862871981412786,-0.4825135806209691,-0.46502909013048077,-0.1273427342631284,-0.09452914673115581,-0.09058084524343323,-0.23213102667515909,-0.34216978804389736,-0.3754420349730506
KIRIBATI,Republic,Tarawa,27.81,92.0,1900.0,1.5,30.6,22.5,26.3,1.02,25.7,,142.2589395807645,0.09534375758416254,60.84665256734736,0.1603508650279097,47.26190063446937,826.1405672009864,,164.6846721908262,,658738.6887633047,304.4383912834482,0.20671641748975203,-0.11520933025023218,-0.10834461241224548,-0.1276900467239333,-0.11422517277514896,-0.8910145533379076,-0.41919055138321615,3.10213050621632,0.2342637141307502,-0.8729080563155552,-0.07745198336121992,,-0.09489579911485109,-0.13369965319962654,-0.3723401965634384
"KOREA, SOUTH",Republic,"Seoul; note - Sejong, located some 120 km",13.64,100.0,44200.0,4.15,3.53,7.8,46.43,0.23,43.2,,536.1839455220801,2.612987778308628,98.06232992555191,42.96419716624498,140.19582600848526,1036.1947998349153,41.054477919933966,2.1359730419419667,39.26950061906727,13.200698259208911,0.2996941896024465,0.5465242270619476,-0.10266252774085423,-0.10310777953438488,-0.10466349319824941,-0.10417937578925067,0.9955906312448145,-0.020599847688878698,-0.8011806535055391,-0.9472999896209849,-0.33497866803901943,-0.07083931570346792,-0.09053143470026606,-0.2332520292051893,-0.3421657047344161,-0.37543966983941185
KOSOVO,Republic,Pristina,,100.0,11900.0,10.75,30.5,48.8,21.2,,,,180.4286764030495,0.7249302178303307,89.40975713310462,,90.5072831560122,184.80756865986956,40.13961605584642,3.0544812549030786,,4.072641673204105,0.3768252472915685,0.5465242270619476,-0.11207175523396204,-0.10432533301974635,,-0.10955051460655726,-0.44500859953584565,0.972116621889471,3.087711181651407,2.3482178235641267,-1.0091941904541712,-0.09764163592914886,-0.09053275089394944,-0.23247022452562116,-0.34216859347934725,-0.37543888379786455
KUWAIT,Monarchy,Kuwait City,27.27,100.0,43900.0,-8.86,3.71,25.5,20.6,1.13,29.7,96.5%,174.18228757436302,6.241501749592406,138.5496748915768,2.3826677578796103,222.90967205614163,322.65125154338307,,2.255459823816367,44.954540352452575,29.64318625587225,0.4803675856307435,0.5465242270619476,-0.08457965032631179,-0.09741057141387703,-0.1264945397004716,-0.09523832975064304,0.9822104526307527,-1.9774545854486256,-0.7752258692886963,0.4753991638760023,-1.0252278532940082,-0.09330221152336805,,-0.2331503258955207,-0.3421605012003004,-0.37543782859931973
KYRGYZSTAN,Republic,Bishkek,3.54,99.0,4800.0,3.61,9.1,19.3,72.23,0.82,27.3,99.6%,31.922570789516218,0.7555390271185594,82.80550945722214,4.720077363537909,138.8258048099385,177.2670632582729,2.2106245535737563,4.573085334915621,,1.1432713337289053,0.21725636250775918,0.5040482508654232,-0.11191921473100559,-0.1052546548490848,-0.1252371179487584,-0.10432746976861922,-0.7616728267353097,-0.10182210429074375,0.0019757247600963998,-0.0229474322641853,0.35446883407397767,-0.09787901679773216,-0.09058731858443018,-0.23117763752486087,-0.34216952053360467,-0.37544050996217315
LAOS,Communist,Vientiane,25.05,100.0,7800.0,2.53,1.26,3.3,63.6,1.3,24.0,87.1%,34.02243067590988,1.1902128489245996,58.42816767457803,1.6300796561346964,61.420548198335354,171.5164644714038,1.82842287694974,5.2213488985564505,,5.093998925420927,0.6865774116031583,0.5465242270619476,-0.10975299641209187,-0.10868493138801368,-0.12689939841540276,-0.11269467787300153,-0.627871040594691,-0.2642666174944737,-1.1284993211290566,-1.309003164238863,0.12385131689432007,-0.0980600500391661,-0.09058786845042886,-0.2306258564079408,-0.34216827025166374,-0.37543572711782147
LATVIA,Republic,Riga,8.51,100.0,32100.0,4.07,7.6,15.5,36.3,1.13,44.4,99.9%,29.265530369965784,1.6956223411554823,94.90874159462055,26.928447920955126,118.6620008233841,1128.4357981654323,35.59896544522803,23.054755043227665,,4.391381912995746,0.13231888852133641,0.5465242270619476,-0.10723426340886089,-0.10355153916008515,-0.11329000857545776,-0.10650709879534069,0.45592342714431955,-0.0326327745928587,-0.21431414371359359,-0.3283856686081713,-0.6056803423182698,-0.06793549863332124,-0.0905392834382457,-0.21544663407785847,-0.34216849260801246,-0.37544137555880147
LEBANON,Republic,Beirut,16.36,100.0,13000.0,-7.0,14.49,29.6,146.8,0.64,33.7,95.1%,521.1342130987292,0.706782315361092,91.3865031963705,8.104549761095198,80.65721751732208,2121.7008797653957,39.19843597262952,1.5005993956711083,,4.6893731114722135,0.3444475062000551,0.5465242270619476,-0.11216219619637238,-0.10404717366567483,-0.12341642327870167,-0.11061526850892196,-0.3959479446176188,-1.697689034931091,0.7791773188088892,0.8049509451945136,2.3471858973517365,-0.036666755326838836,-0.09053410495113455,-0.23379283883859198,-0.3421683983031014,-0.37543921375897843
LESOTHO,Monarchy,Maseru,13.21,50.0,2300.0,1.35,24.6,37.4,33.7,0.76,24.7,81%,72.82642068851919,0.03347437807772027,49.94015324027456,0.2288923690179251,82.39102959044551,195.68440125185307,,10.8565550522336,,332934.35493516375,140458.01526717556,-1.577274582764275,-0.11551765933871933,-0.1098793289164928,-0.12765317446251898,-0.1104278501465941,-0.8731743151858251,-0.4417522893281786,2.2369710323215597,1.4319031145321688,-0.6751595479575639,-0.09729922493272233,,-0.22582934998686807,-0.23680655323105265,1.0559629763303549
LIBERIA,Republic,Monrovia,25.94,29.0,1400.0,4.99,4.09,3.2,34.4,2.71,18.0,48.3%,57.166528239202655,0.03559571979630531,32.10879214278969,0.23609405987345358,30.873838598836237,110.04983388704319,4.4539036544850505,5.266713643330887,,0.181610815287272,0.13531799729364005,-2.4692700828912884,-0.11550708752817786,-0.1123884827108339,-0.1276493002751669,-0.11599665873724206,-0.9133148510280107,0.10574588480291125,-0.7204324359420281,-1.3170410125637049,-0.6564536079777541,-0.09999506651086244,-0.09058409122312179,-0.23058724339474007,-0.3421698248691357,-0.37544134499492526
LIBYA,Other,Tripoli,23.26,70.0,22000.0,31.37,19.58,50.5,4.7,1.54,25.8,91%,4.121857417279516,1.4499681699170763,42.680025419944066,4.577685739943604,39.985809174206175,21.028223285631473,,20.1307866877038,6.108414699296407,5.239519822827016,0.2568608895498175,-0.7277550588337859,-0.1084584930246293,-0.11090094342859827,-0.12531371826918825,-0.11501169004929251,0.005457413804236967,4.073603531390315,1.5131209391629437,2.4848612450864365,-1.4501199185496922,-0.1027975347967115,,-0.21793542199613758,-0.3421682241988429,-0.37544010635298314
LIECHTENSTEIN,Monarchy,Vaduz,9.07,100.0,71000.0,4.22,5.32,9.1,20.91,0.7,43.7,,249.95625,573.1252969269622,20883.654639561923,10072.357662590954,27656.589903233064,447231.25,33100.0,1575.2756732428174,11837.5,950.1662790988423,0.0614657975187228,0.5465242270619476,2.7405135579702438,2.821752949056198,5.290701302679446,2.870236130402848,2.1908865874343406,-0.01007103664789629,-0.5430747437936023,-0.8428079613980425,-1.0169437941600923,13.975721772703798,-0.04297018312412872,1.1057539392515692,-0.3418691843801857,-0.3754420976216767
LITHUANIA,,,9.21,100.0,39300.0,5.98,7.9,19.0,53.28,1.04,44.5,99.8%,42.37005424377792,1.3224111410879391,91.7253285788787,30.00329473162999,140.32367443533008,1342.7887683471602,30.488194001276323,22.968986220490972,,5.271570607981534,0.12716868017076938,0.5465242270619476,-0.1090941797365822,-0.10399949558941966,-0.11163587861314012,-0.10416555587003515,0.7770477138818042,0.25465335523966376,-0.17105617001885548,-0.04706097723871056,-0.15192768395087872,-0.06118750343470017,-0.09054663620411756,-0.21551963774405372,-0.34216821405577,-0.3754414280445039
LUXEMBOURG,Monarchy,Luxembourg,11.11,100.0,115700.0,5.1,5.23,15.2,23.0,1.58,39.5,,255.57772621809744,2.8732501770248926,95.86578789694428,35.5797338271874,133.14692763464484,1111.755607115236,104.79505027068832,3.026066537151019,,16.643365954330605,0.1485482781904119,0.5465242270619476,-0.10136549730667462,-0.10341686764803919,-0.1086360039660592,-0.1049413343716827,4.1845332009295575,0.12229115929588366,-0.5560521359020236,-0.3524992135826966,-0.9610932019346596,-0.06846060378592715,-0.09043973239853485,-0.2324944102204181,-0.34216461523757086,-0.3754412101653147
MACAU,Republic,,23.99,100.0,64800.0,19.27,3.01,9.2,0.0,0.71,40.8,97.1%,22694.007092198583,0.7469088443070077,94.87929921824582,32.50147272298276,437.51982511707564,15177.304964539007,,,,3.1251416079791117,0.04495392222971454,0.5465242270619476,-0.11196222367050022,-0.1035556821668916,-0.11029197066548134,-0.07203980434578056,1.914362896077062,2.2536233371633405,-0.876161141243085,-0.8347701130732008,-1.5757169441284167,0.37433363157920624,,,-0.3421688933335369,-0.37544226589397045
MADAGASCAR,Republic,Antananarivo,23.1,35.0,1500.0,4.4,2.59,4.8,36.0,2.22,20.3,77.3%,49.54464869140558,0.02037331761776567,20.130364937485673,0.11106408241371404,56.50257816178184,54.40726347284796,1.4375623344911788,2.8807246376057085,,0.13883010301714258,0.0945179584120983,-2.2144142257121415,-0.11558294911634531,-0.11407403637710263,-0.12771656080703667,-0.11322629136474972,-0.90885479148999,0.017003048886058792,-0.9367223044157181,-1.188435439366237,-0.6136971737381883,-0.10174673712067764,-0.09058843077376669,-0.23261812057553355,-0.3421698384078955,-0.37544176078756
MALAWI,Republic,Lilongwe,23.24,14.0,1500.0,2.75,7.02,9.9,44.89,2.28,16.8,67.3%,226.18619260204082,0.029041903378151383,22.55681815778748,0.057590376359101164,56.11071957800704,164.24319727891157,8.15263605442177,1.5037878771858322,,0.04699337116205725,0.033715441672285906,-3.106409725839155,-0.11553974879387087,-0.11373259613195105,-0.12774532726755564,-0.1132686497582421,-0.90885479148999,-0.2311760685085287,-0.2979462261900871,-0.7785051747993085,-0.37613173599460137,-0.09828901804484205,-0.09057876992991634,-0.23379012490557127,-0.34216986747135403,-0.3754423804251712
MALAYSIA,Monarchy,Kuala Lumpur; note - nearby Putrajaya is referred to as a federal government administrative center but not the capital; Parliament,27.06,100.0,26300.0,3.09,4.61,15.6,62.03,1.01,29.2,95%,104.12063336548438,1.0215963044975924,96.37645556433048,9.815319853389724,137.93610310936813,439.3729633021661,5.632011489181731,3.331387588681757,25.48553659286125,7.422565329168124,0.28729456741808146,0.5465242270619476,-0.11059330523467538,-0.10334500865150695,-0.12249610553848872,-0.10442364307267334,0.19723997393912363,-0.18003612916661374,-0.6454519482044823,-0.32034782028332964,0.08189656579674622,-0.08962772289904274,-0.09058239630266306,-0.23223453075119935,-0.34216753333309496,-0.3754397962037909
MALDIVES,Republic,Male,28.37,100.0,18800.0,41.75,6.08,17.7,63.9,0.17,29.5,97.9%,1307.275167785235,1.3989855429604074,114.793822901265,16.34759528503368,181.23742196484312,312.0805369127517,,23.102513553474616,,5.133891900772137,0.20429009193054137,0.5465242270619476,-0.1087125674476093,-0.10075339453508589,-0.118982033723242,-0.09974293840327415,-0.13726449141242286,5.63487579718172,-0.43348787710026604,-0.15155300546165318,0.13186814831423857,-0.09363498569259472,,-0.21540598356839824,-0.34216825762678255,-0.3754406421012581
MALI,Republic,Bamako,29.69,53.0,2100.0,3.05,7.72,17.3,35.4,2.93,16.0,35.5%,17.505242626148387,0.041667208964611055,35.019182365763,1.1414287133512317,102.44632865540103,114.00437636761488,0.48598988682090494,1.170427218107052,,0.23408544362141043,0.1076426264800861,-1.4498466541747015,-0.11547682996400059,-0.11197894489534899,-0.12716227075192593,-0.10825995008117463,-0.8820944342618664,-0.18605259261860374,-0.19701095423569837,-0.18370439876102002,-0.6297308365780255,-0.09987057449356491,-0.09058979978224115,-0.23407387078783345,-0.34216980826255405,-0.3754416270342483
MALTA,Republic,Valletta,20.62,100.0,44700.0,10.3,3.5,9.8,50.7,0.59,42.3,94.9%,1478.2848101265822,1.6783049120388407,98.70744833432519,45.68649949265527,138.0651970081646,9797.468354430379,,841.2931510602863,,19.266255367792816,0.38860103626943004,0.5465242270619476,-0.10732056566657011,-0.10301700119759258,-0.10319901638952864,-0.1044096885227691,1.0178909289349176,0.9044314080545837,-0.8055064508750128,-0.7865430231241503,-0.22087243416217836,0.2049722666137418,,0.48101159893693657,-0.3421637851749582,-0.3754387637909612
MARSHALL ISLANDS,Other,Majuro; note - the capital is an atoll of 64 islands; governmental buildings are housed on three fused islands on the eastern side of the,28.62,99.0,6000.0,1.11,36.0,26.0,41.71,1.3,23.8,98.3%,447.3259668508287,,20.075093249018106,1.2350863325346442,19.761381320554307,11204.419889502762,,185.26294988019663,,3627448.55865425,1171.5664765247916,0.5040482508654232,,-0.11408181397557533,-0.12711188714466692,-0.11719787228098096,-0.7081521122790622,-0.47785107004011856,3.880774032721604,0.515588405500211,-0.4611101490457382,0.2492641754000391,,-0.07738023031755413,0.8058043373722606,-0.3635033061817376
MAURITANIA,Republic,Nouakchott,29.25,47.0,5300.0,2.45,11.46,23.0,96.6,1.96,21.0,67%,4.118441835645678,0.1545391881698367,63.93587754465499,0.43480637134918837,153.41691798916247,11.888037256233627,0.7063160958571844,7.067340922401068,,0.942312122986809,0.16333197223356474,-1.704702511353848,-0.11491432691739313,-0.10790990972572549,-0.12754240194541847,-0.10275022701031718,-0.7393725290452066,-0.27629954439845367,0.3422717844920355,0.27445295575495887,1.0057027730853625,-0.10308527483310377,-0.09058948280327854,-0.22905460730823538,-0.3421695841309209,-0.37544105950489226
MEXICO,Republic,Mexico City,22.68,100.0,19100.0,4.72,4.38,8.1,54.3,0.61,29.3,95.2%,66.81028990017721,0.7193810929540083,76.07283740110887,16.89011869202858,95.41501232306818,362.6049090895061,12.0317190043957,13.197251346710587,,3.564951793189616,0.1914805624483044,0.5465242270619476,-0.11209940957005958,-0.10620204801460337,-0.11869018041215884,-0.10902000811309326,-0.123884312798361,0.0651347565019787,-0.6786163947037814,-0.9231864446464598,-0.12467045712315568,-0.09204443987196513,-0.09057318916993884,-0.22383702450665224,-0.3421687541473442,-0.3754407726429968
"MICRONESIA, FEDERATED STATES OF",Republic,Palikir,27.96,83.0,3300.0,-3.19,16.2,18.9,25.4,0.7,26.3,,142.9045584045584,,43.86008632462445,5.980920862448788,21.930043162312224,,,,,1764371.6544223926,471.924492081267,-0.17556736827896802,,-0.11073489024396785,-0.12455884057828862,-0.11696344834477376,-0.8285737198056189,-1.1246208911290434,1.0257477688688956,-0.05509882556355242,-0.8969585505753112,,,,0.21619866252318995,-0.37063334801545617
MOLDOVA,Republic,Chisinau in Romanian,12.92,100.0,14000.0,13.94,3.96,8.6,33.01,1.14,37.7,99.6%,98.82739959259372,0.1827393177486024,58.17509256946248,22.119486902451662,119.98586692885965,284.3331002401873,35.60244443768812,2.153493643502048,,2.4611355925737697,0.2183406113537118,0.5465242270619476,-0.11477379018795437,-0.10872054304753773,-0.11587701436732627,-0.10636399400256888,-0.3513473492374126,1.4519295821856733,-0.7391775578764146,-0.8829972030222512,-0.6935982602233768,-0.09450849618923848,-0.09053927843308801,-0.23323711623207136,-0.34216910347071056,-0.37544049891260806
MONACO,Monarchy,Monaco,14.47,100.0,115700.0,21.55,2.0,26.6,,0.66,55.4,,15798.5,,100.70576320536759,66.07272842358451,114.74190587714023,,,,,,,0.5465242270619476,,-0.10273580677202113,-0.09223213765714847,-0.1069308458590413,4.1845332009295575,2.5965617539267702,-1.0217963193487027,0.5638154954492615,,,,,,
MONGOLIA,Republic,Ulaanbaatar,2.36,100.0,11700.0,1.64,7.08,21.0,73.94,0.83,29.8,99.2%,2.09549446560021,0.45431255966884027,85.14904769452502,9.435386862964096,143.98249345409016,72.86509144182764,1.16828746437206,13.515721856273814,,6.757860928136907,0.5632360471070148,0.5465242270619476,-0.11342039161168375,-0.10492488205001667,-0.12270049248256482,-0.1037700517210101,-0.4539287186118869,-0.3981329293012512,-0.2892946314511394,0.11369598925812416,0.4001647731675133,-0.1011656706003208,-0.09058881817420063,-0.22356595264124313,-0.3421677436912858,-0.3754369840879694
MONTENEGRO,Republic,Podgorica; note - Cetinje retains the status of “Old Royal Capital”,11.71,99.0,20600.0,12.43,18.49,31.6,67.2,0.43,39.6,99%,44.78479036574487,1.6715202217629825,85.75056644174987,30.571421457560444,185.92137041555662,577.0145703241154,18.584597085935176,1039.099004888413,,3.3198051274390195,0.15673981191222572,0.5040482508654232,-0.10735437750346116,-0.10484023887338449,-0.11133025186240493,-0.0992366217375473,-0.05698341972805171,1.2248080868730509,1.3559503014053955,0.9657079116913483,0.22005329393334294,-0.08529465999570547,-0.09056376167374795,0.6493775862918588,-0.34216883172861046,-0.3754411266855073
MOROCCO,Monarchy,Rabat,19.18,100.0,8100.0,7.93,11.47,27.2,65.1,0.88,29.1,75.9%,51.74845735027223,0.38273502714782953,87.83994138248629,5.671918898051173,140.31729211258835,79.9944157475918,2.885662431941924,1.6726278764478348,1.6948206058913864,1.6186721384979046,0.1977978505966902,0.5465242270619476,-0.11377710175706453,-0.10454623085954369,-0.1247250698050425,-0.10416624577437637,-0.6144908619806292,0.5479559485241761,0.3437137169485267,0.6120425853983117,0.16393547399391273,-0.10094123402664552,-0.0905863474207754,-0.23364641372296163,-0.342169370084092,-0.3754407082636002
MOZAMBIQUE,Republic,Maputo,25.18,31.0,1200.0,2.36,3.98,8.1,102.88,2.55,17.0,63.4%,41.34617487728579,0.0850408003615695,16.731354573849476,0.21529316547232785,42.093609160785704,39.526691930110125,6.087387776901752,3.01410431661259,,0.21529316547232782,0.17789072426937738,-2.3843181304982393,-0.11526067554308152,-0.11455233075431231,-0.12766049022536294,-0.11478384504364103,-0.922234970104052,-0.2898365871654312,-0.736293692963432,-0.9231864446464598,1.173521777475658,-0.10221518887685345,-0.09058174116179755,-0.232504592078199,-0.34216981420972337,-0.37544091113685063
NAURU,Republic,no official capital; government offices in the Yaren District,,100.0,11900.0,1.5,23.0,26.6,62.0,0.42,27.0,,469.14285714285717,1.522533495736906,110.84043848964677,9.642712139667074,101.50223304912708,1428.5714285714284,,710.5156313438896,,6699147.381242387,441.560179300194,0.5465242270619476,-0.10809686016287624,-0.1013096980860414,-0.12258896076301716,-0.10836200315552544,-0.44500859953584565,-0.41919055138321615,2.006261839282957,0.5638154954492615,0.08109488265475433,-0.05848699978024859,,0.36969797598414583,1.777901116153319,-0.3709427903090792
NEPAL,Republic,Kathmandu,14.46,89.0,3800.0,4.25,5.05,9.5,39.05,0.74,25.3,71.2%,215.55094139559543,0.04504935574405014,50.48634695453895,4.110106450786184,122.97956309438976,195.25500345306276,0.4115771776967025,1.5210630172200839,,0.22654130043703377,0.060821965418368235,0.07928848890017869,-0.11545997486957499,-0.10980247084474498,-0.12556525499917082,-0.10604038705499465,-0.8062734221155158,-0.005558689058903754,-0.5820069201188666,-0.8106565680986755,-0.5321927209690163,-0.09731274270335122,-0.09058990683833515,-0.23377542086141753,-0.3421698106500398,-0.37544210418296076
NETHERLANDS,Monarchy,Amsterdam; note - The Hague is the seat of government,11.77,100.0,56600.0,4.86,4.01,9.6,56.5,0.36,42.8,,515.2665742188652,2.4856375397748387,94.82401154837429,43.08890381489161,125.33261413668059,4104.800401262797,90.13660637889829,1.660565519903023,486.8261882984687,12.253828319284377,0.21558020288716293,0.5465242270619476,-0.10329718390322379,-0.10356346201419994,-0.10459640660280978,-0.10578603136117048,1.5486380139593712,0.08619237858394377,-0.7319678955939583,-0.8026187197738338,-0.06588036004375276,0.02576273206541446,-0.09046082121206603,-0.23365668081329385,-0.3421660043891908,-0.37544052704389275
NEW CALEDONIA,Democracy,Noumea,23.39,100.0,35700.0,2.0,16.57,41.0,6.5,1.17,32.9,96.9%,16.453187414500682,3.5619026080709855,79.0868758356004,18.291750088132975,86.47009132571952,307.6333789329686,,83.14431858242263,,16.628863716484524,0.48685491723466406,0.5465242270619476,-0.09793356412675984,-0.10577792526071775,-0.1179361654542844,-0.10998691938938578,0.6164855705130619,-0.3439847582333412,1.0790992697590727,1.7212656542264715,-1.4020189300301809,-0.09377498562200853,,-0.16430032824712418,-0.34216461982707636,-0.37543776248701266
NICARAGUA,Republic,Managua,26.56,86.0,5600.0,10.34,5.96,11.6,33.3,0.91,27.3,82.6%,53.00182515209601,0.2888506026002215,61.842646708038714,4.565490545213768,98.02152275056217,199.15826318859905,,23.114337823752074,,0.6289615734354306,0.10354646647683147,-0.04813943968939466,-0.11424497939338205,-0.10820446032494298,-0.12532027873812895,-0.10873825444250577,-0.7259923504311446,0.9104478715065735,-0.45079106657816126,-0.6418617532769991,-0.6858486565174555,-0.09718986510603106,,-0.2153959191294472,-0.34216968329658703,-0.37544166877815854
NIGER,Republic,Niamey,28.19,18.0,1200.0,1.39,0.75,1.0,45.3,3.66,14.8,37.3%,20.04960922080998,0.012757492664441717,21.656237547663412,0.04724997283126562,55.12496830314323,14.9593431751796,,1.1812493207816406,,0.07874995471877604,0.06675567423230974,-2.936505821053057,-0.11562090295368244,-0.1138593220303639,-0.1277508899418451,-0.11337520564884952,-0.922234970104052,-0.4357358258761887,-1.2020378764101112,-1.4938736757102231,-0.3651753997207128,-0.10298858777727724,,-0.2340646593617467,-0.3421698574213867,-0.37544204371261586
NIGERIA,Republic,Abuja,27.65,59.0,4900.0,3.65,9.79,19.6,21.8,2.53,18.6,62%,253.4594353336964,0.05064486692570622,50.03406149960711,0.02829328708851809,84.52865464347735,214.10501906083655,4.170106986631063,0.23392548233582547,9.317411239744919,0.4505231511652935,0.09904761904761905,-1.1949907969955549,-0.11543208936504881,-0.10986611454301137,-0.12776108779032475,-0.11019678116690447,-0.757212767197289,-0.09580564083875374,0.10146906425799372,0.0011661127103399663,-0.9931605276143338,-0.09671932981661886,-0.09058449951577914,-0.2348709909758928,-0.34216973976677684,-0.37544171462585074
NORTH MACEDONIA,Republic,Skopje,12.6,100.0,16500.0,3.96,16.2,34.1,39.3,0.11,39.0,98.4%,83.88353713679078,0.9037175226515297,81.70018889946144,22.29149577437061,90.99760477357846,557.6219871820076,27.483977509534856,4.687331549022457,15.019856092478276,3.28113208431572,0.20582181711261394,0.5465242270619476,-0.11118075992790998,-0.10541019088788219,-0.11578448129288567,-0.10949751274089793,-0.23984586078689712,-0.049178049085831246,1.0257477688688956,1.1666541198123916,-0.5255120281190842,-0.08590515332276719,-0.09055095831101166,-0.23108039481809864,-0.3421688439674212,-0.37544062649146787
NORTHERN MARIANA ISLANDS,Republic,Saipan,27.49,100.0,24500.0,-11.14,11.2,,7.1,0.35,32.8,,110.54956896551724,,23.976995808558335,,39.91422165903109,1155.1724137931035,,97.47538746466518,,0.0,0.0,0.5465242270619476,,-0.11353275473332823,,-0.11501942838210565,0.11695890225475246,-2.3203930022120556,0.30478154062326235,,-1.3859852671903437,-0.0670938095551156,,-0.15210218286611482,-0.3421698823432888,-0.3754427240187732
NORWAY,Monarchy,Oslo,3.11,100.0,67500.0,3.3,4.99,13.0,36.5,0.79,39.5,,18.397157899579994,6.852540334595468,95.49968881321004,42.652615505319474,103.60983821859675,311.88831412965607,12.64616375598951,16.970576949597746,32.2858401088464,6.43095547563704,0.09778622843949478,0.5465242270619476,-0.08153450955639585,-0.10346838356429677,-0.10483111018627506,-0.10813417920884813,2.034784503603619,-0.14844969604366626,-0.5906585148578141,-0.5293318767292148,-0.600335788038324,-0.09364103701260347,-0.09057230518041803,-0.22062529098892877,-0.3421678471466555,-0.37544172748066507
OMAN,Monarchy,Muscat,28.22,100.0,34300.0,3.09,3.12,14.6,46.9,1.8,26.2,95.7%,12.38599353796446,2.243662065520358,112.69178145620215,13.276474416748293,159.5302683081755,194.60420032310176,,34.433599889395104,25.1437802907916,19.825405996924452,0.49022769786492937,0.5465242270619476,-0.10450308055207186,-0.10104918492589826,-0.12063415929531722,-0.10208939754506732,0.5540447369807732,-0.18003612916661374,-0.860299884221681,-0.400726303531747,-0.322418965481147,-0.09733323048288839,,-0.20576132694256966,-0.3421636082212408,-0.3754377281150516
PAKISTAN,Republic,Islamabad,22.14,94.0,5200.0,6.49,4.35,9.4,67.0,1.91,22.0,58%,321.2629168153073,0.16121311339484892,19.503051664298567,1.0187727936111848,76.19977635612422,342.6949894600292,15.412356088860061,0.6097227331902865,22.20204313280363,0.7793144867928827,0.1593724194880264,0.2916683698828009,-0.11488106708356782,-0.11416230925044374,-0.1272282541469989,-0.11109710061492382,-0.7438325885832271,0.3313632642525362,-0.6829421920732552,-0.8186944164235173,0.21470873965339715,-0.0926712193467293,-0.0905683255141772,-0.23455112443018206,-0.342169635714584,-0.37544109985663976
PALAU,Republic,Ngerulmud,27.81,100.0,13800.0,-13.33,1.7,5.6,86.13,0.39,33.9,96.6%,47.44880174291939,,30.745213278846595,5.620092749896689,110.19789705679784,272.33115468409585,,137.7473713209973,,,,0.5465242270619476,,-0.1125803597673099,-0.1247529499531514,-0.10742203559333455,-0.36026746831345385,-2.649794376208508,-1.0650542930434408,-1.1241326527675033,0.7259153565302044,-0.09488632660100256,,-0.11782396413046327,,
PANAMA,Republic,Panama City,26.13,95.0,29000.0,15.34,12.09,30.0,37.8,1.51,30.1,95.7%,59.24277643260694,0.9323113783767337,67.9365719460104,12.770190921748512,136.3103493374822,,1.0357815442561205,26.566106008299524,,5.676518377841779,0.19786307874950534,0.33414434607932536,-0.11103826104490166,-0.10734694891290363,-0.12090651715574743,-0.10459938075162853,0.31766158146568035,1.6625058030053232,0.4331135292509852,0.8371023384938804,-0.5655961852186769,,-0.09058900880784918,-0.21245788495470225,-0.34216808590244335,-0.375440707598861
PAPUA NEW GUINEA,Democracy,Port Moresby,24.83,20.0,3700.0,0.3,2.75,5.3,48.68,2.31,24.0,64.2%,21.682970454445083,0.11599545794782751,32.26282798759592,0.21386344309959418,48.883072708478664,20.644349247007906,,57.13209122803444,,0.6110384088559834,0.1639792292976223,-2.8515538686600084,-0.11510641148816224,-0.11236680743756973,-0.12766125935200898,-0.1140499303599689,-0.8107334816535364,-0.5996844549429161,-0.9136513851118578,-1.1482461977420284,-0.27485243238963014,-0.1028096194446047,,-0.18644110040863812,-0.34216968896870903,-0.3754410529087044
PARAGUAY,Republic,Asuncion,24.85,100.0,13700.0,4.1,7.21,16.3,19.5,1.12,29.7,94.5%,18.725964128043653,1.186984222693348,69.34267472398349,7.5588623070075345,107.19382870356617,198.36547512975017,0.07550931029795974,107.39445067738478,,0.9408775403525576,0.07628596338273758,0.5465242270619476,-0.10976908642933285,-0.10714908807091315,-0.12370997870550655,-0.10774676373418166,-0.3647275278514745,-0.028120427003866303,-0.27054950951675294,-0.26408288200943736,-1.0546229018337097,-0.09721482267956082,-0.09059039033253424,-0.1436593949550123,-0.3421695845849216,-0.3754419465895703
PERU,Republic,Lima,20.17,95.0,12500.0,13.35,4.83,11.2,34.67,0.5,29.1,94.5%,25.34396357488617,0.4728704890960504,74.41390877952189,9.383427436821236,132.95057128550368,14.608639401998131,,5.887761630856952,2.0562564258013305,1.664602764744897,0.12798028155661942,0.33414434607932536,-0.11332790725980975,-0.10643548544109255,-0.12272844432826631,-0.10496255973166213,-0.4182482423077219,1.3631867462688207,-0.6137294341616744,-0.674013146576366,-0.6492384596998273,-0.10299962819988281,,-0.23005862730178323,-0.34216935554848277,-0.37544141977348533
PHILIPPINES,,,27.16,97.0,8100.0,5.7,2.41,7.3,39.9,1.58,25.7,96.3%,365.6818023275313,0.2557427640687112,53.46890136347808,7.278900383704026,149.80944664887238,,,0.08254204327123546,,1.3023300160572706,0.15404141761496154,0.4190962984723743,-0.11440997393119112,-0.10938277838991191,-0.12386058568990549,-0.10314018067439788,-0.6144908619806292,0.21253811107573373,-0.9626770886325609,-0.9874892312451936,-0.509478365279247,,,-0.2349998436953348,-0.3421694701964975,-0.3754411541848065
POLAND,Republic,Warsaw,10.91,100.0,34900.0,6.85,3.37,13.4,50.6,0.28,41.9,99.8%,124.86817307850323,1.2441906491001233,85.01841951753441,22.029031237979304,133.15723464921322,1380.4210284136661,63.96279436656752,3.3165081086254324,51.18075298680383,8.001733849381996,0.2306525037936267,0.5465242270619476,-0.1094839953964129,-0.10494326349516558,-0.11592567546626154,-0.10494022022337283,0.5808050942088969,0.38551143532044607,-0.8242515728093993,-0.4971804834298478,-0.22354471130215126,-0.060002811148762866,-0.09049847695813311,-0.2322471956865515,-0.34216735004434,-0.3754403734422817
PORTUGAL,Republic,Lisbon,16.92,100.0,33700.0,5.48,6.65,23.1,125.7,0.17,44.6,95.9%,111.76505958237674,2.1875840616639683,80.21010158317152,40.699735404449704,122.03836390936257,906.3080791516344,27.615611675959332,6.260301374820872,14.813600087460369,4.890860449078806,0.1438062642008686,0.5465242270619476,-0.10478254803584416,-0.10561986967926147,-0.10588167227491245,-0.1061421270374394,0.5272843797526495,0.17944756208978876,-0.3512977270802638,0.2824908040798007,1.783335420817464,-0.07492824886260421,-0.09055076893153792,-0.22974153344127526,-0.3421683345386496,-0.3754412584911141
PUERTO RICO,Republic,San Juan,25.86,100.0,32600.0,0.21,8.27,18.5,51.6,1.29,43.6,92.4%,341.255832124121,2.0213841509745003,83.86781717659734,21.95668023305447,119.75150712505204,2998.325705993973,,9.485459608132768,,5.887526653323786,0.16901408450704225,0.5465242270619476,-0.10561081344562079,-0.10510517139517145,-0.11596459706867583,-0.1063893273886411,0.47822372483442266,-0.6132214977098936,-0.11770466912867875,-0.08725021886291924,-0.1968219399024227,-0.009069936335399778,,-0.22699638237613423,-0.3421680191249119,-0.37544100159856425
QATAR,Monarchy,Doha,28.7,100.0,92900.0,1.59,0.26,1.1,53.8,0.86,33.7,93.5%,218.54859312963922,4.199274595356273,106.63069131441678,11.694859294878883,153.09398824060938,607.5435870878647,,2.369570918098151,,43.83706198481579,0.4446402820060888,0.5465242270619476,-0.09475718955448133,-0.10190207592193386,-0.12148499744206857,-0.10278513446399047,3.1676396262608564,-0.40565350861623867,-1.2726925667781832,-1.4858358273853813,-0.13803184282301997,-0.08433358323355122,,-0.23305319819841222,-0.34215600928176554,-0.3754381926957792
ROMANIA,Republic,Bucharest,12.27,100.0,30800.0,5.1,5.17,20.6,57.11,1.01,42.5,98.9%,79.71746175361366,1.1201371666019055,87.08782725529235,31.019756441102466,125.11508716394727,366.19528385191245,46.230604938862335,2.455483851183055,26.86925542974714,3.710508930676616,0.11555782139519075,0.5465242270619476,-0.11010222201331873,-0.10465206518176445,-0.11108906770752038,-0.1058095451834721,0.3979426531500515,0.12229115929588366,-0.5647037306409713,0.08154459595875733,-0.04957946948991836,-0.09193141213254344,-0.09052398790862012,-0.2329800718701188,-0.3421687080830545,-0.37544154637060584
RUSSIA,Other,Moscow,-2.63,100.0,28000.0,4.75,5.01,16.9,23.05,0.24,40.3,99.7%,8.65192057610872,1.7995902481206578,93.15525990271641,23.919239668462406,176.43041648241746,78.36165693659113,5.220133520237405,8.595689891023378,15.814145808378225,14008575.068703946,486758.21481118194,0.5465242270619476,-0.10671613424315377,-0.10379828169513312,-0.11490882793127774,-0.1002625570569811,0.27306098608547413,0.06964710409097123,-0.5877746499448316,-0.21585579206038713,-0.9597570633646731,-0.10099263452092276,-0.090582988863357,-0.22775372577138986,4.091106778591138,4.58510354347016
RWANDA,Republic,Kigali,18.91,48.0,2200.0,10.88,1.61,2.9,40.5,1.68,19.7,75.9%,543.2358115777525,0.0197753210112935,29.103302620394206,0.1319722838055568,81.36230470098185,190.5302416085617,,0.5223669701096396,,0.07462385287280565,0.033178500331785,-1.6622265351573238,-0.11558592926177529,-0.11281140249792938,-0.1277053131304824,-0.11053905131831156,-0.8776343747238458,0.9916701281084386,-1.078031685151862,-1.3411545575382302,-0.4934447024394098,-0.09746148181442715,,-0.23462547884901028,-0.3421698587271691,-0.37544238589713297
"SAINT HELENA, ASCENSION, AND TRISTAN DA CUNHA",Democracy,Jamestown,,100.0,7800.0,,14.0,,,0.11,44.7,,65.04098360655738,1.0081915563957151,28.82167611846251,12.60239445494644,50.40957781978576,1622.9508196721313,,4032.766225582861,,1638311.2791430373,418.0064308681672,0.5465242270619476,-0.11066010845456578,-0.11285103178938087,-0.120996784144771,-0.11388492107639017,-0.627871040594691,,0.708522628440817,,,-0.05236778810454193,,3.197490939207285,0.17630448935756002,-0.3711828262351604
SAINT KITTS AND NEVIS,Democracy,Basseterre,28.49,100.0,26500.0,-0.88,4.5,,62.9,0.59,38.1,,210.02681992337165,1.2952186365543537,69.17562070160717,54.727548023423395,103.98234124450445,1467.4329501915709,191.57088122605364,4049.838553733331,,4888994.29009249,212698.4126984127,0.5465242270619476,-0.10922969491716762,-0.10717259520712187,-0.09833533693285051,-0.10809391307611091,0.20616009301516486,-0.777170126776621,-0.6613132052258862,,0.10514537691451,-0.05726360940183907,-0.09031488972549678,3.2120223564018375,1.2050441758609898,1.7921638722483588
SAINT LUCIA,Democracy,Castries,27.88,100.0,13000.0,12.23,16.91,38.7,70.7,0.27,39.0,,276.55280528052805,0.5489554928367275,83.77538173290928,19.69079485175218,101.4374280241779,1996.6996699669967,,2177.921248754408,,3932192.0628196024,281623.9316239316,0.5465242270619476,-0.11294873391043969,-0.10511817852025818,-0.1171835419889163,-0.10836900832744392,-0.3959479446176188,1.194725769613101,1.1281249732797758,1.5363951427551117,0.3135829938323929,-0.040601888872346975,,1.6187064903638693,0.9022461423354133,2.4945828869399755
SAINT MARTIN,Democracy,Marigot,,100.0,19300.0,,,,,0.31,34.0,,657.94,,58.619326990303065,,209.25920296683586,,,,,,,0.5465242270619476,,-0.10865803225677222,,-0.09671389253012924,-0.11496419372231977,,,,,,,,,
SAINT VINCENT AND THE GRENADINES,Democracy,Kingstown,27.07,100.0,13700.0,1.35,21.62,41.1,73.8,0.16,37.0,,259.1362467866324,0.48609182175310506,84.32205071227332,24.535732709019484,113.97563588746479,,,59.521447561604695,,2003888.7345740248,141258.74125874127,0.5465242270619476,-0.11326201809978817,-0.10504125357121358,-0.11457718226801883,-0.10701367667374849,-0.3647275278514745,-0.4417522893281786,1.8072751602871624,1.7293035025513133,0.3964235851715513,,,-0.18440735706657382,0.29199834065773644,1.0641231638893536
SAMOA,Republic,Apia,28.13,98.0,5500.0,-7.08,9.84,19.7,49.1,0.65,26.9,99.1%,73.55583126550869,0.24096269415569083,82.69839663423308,0.8154177570228577,33.25285179348533,407.6568592697625,,19.277015532455266,,1710835.1285054048,293388.42975206615,0.4615722746688987,-0.11448363113480964,-0.10526972731297335,-0.12733765005506206,-0.11573949663541502,-0.7304524099691653,-1.7097219618350707,0.10867872654045016,0.009203961035181531,-0.2636288684017441,-0.09062617007497027,,-0.21866212457215675,0.19925602348308294,2.614474725439375
SAN MARINO,Republic,San Marino,14.3,100.0,56400.0,-6.65,8.1,27.4,98.35,0.59,45.9,99.9%,572.0,,73.08265504986817,31.525851197982345,114.63945890175398,4786.88524590164,,,,,,0.5465242270619476,,-0.10662281384124829,-0.11081681137975127,-0.10694191997984712,1.5397178948833299,-1.6450449797261784,-0.14221752088903025,0.6281182820479951,1.0524676230348875,0.04723528386991222,,,,
SAO TOME AND PRINCIPE,Republic,Sao Tome,24.82,78.0,4100.0,1.88,15.91,22.9,88.4,1.45,20.4,94.8%,228.60165975103735,0.1270578839416986,50.913909208066364,1.1398907302198102,85.87252464015393,1348.5477178423237,,4864.501842339317,,785036.2114969234,191.35898059863285,-0.38794724926159024,-0.11505128134542675,-0.1097423060909222,-0.12716309811801466,-0.110051514031058,-0.792893243501454,-0.36203414858931116,0.9839317276306491,0.26641510743011704,0.7865760476075886,-0.061006207306591856,,3.9054375728551096,-0.09373043026847591,-0.37349258728132284
SAUDI ARABIA,Monarchy,Riyadh,26.35,100.0,44300.0,3.24,7.36,28.8,17.2,1.65,32.0,97.6%,16.718599425963745,2.136488994960073,100.16748560078483,21.954100141775946,126.39834783749251,102.97856900297252,2.516641934418451,5.9544005329355425,3.747982267210621,16110270.600792892,363237.139272271,0.5465242270619476,-0.10503718280782151,-0.10281155092226091,-0.11596598504230578,-0.10567082968044625,1.0000506907828353,-0.1574743912216512,-0.2489205226693839,0.7406481585957796,-1.1160852760530855,-0.10021767532960395,-0.09058687832327221,-0.2300019064094154,4.756227799473251,3.3263019627748083
SENEGAL,Republic,Dakar,29.41,46.0,2600.0,3.9,6.34,8.2,37.9,2.52,19.0,56.3%,95.4898457383265,0.05395802805164741,26.65265498518874,0.005439317343916069,75.03538275932218,230.09920531865163,5.640679374642913,0.870290775026571,,0.10878634687832138,0.0559753708368318,-1.7471784875503726,-0.1154155780640123,-0.11315624727892236,-0.12777338220316548,-0.11122296704785536,-0.8597941365717633,-0.058202744263816254,-0.3959976332314932,-0.9151485963216182,-0.5629239080787041,-0.09621582061876598,-0.09058238383234755,-0.23432933728491878,-0.34216984791580635,-0.3754421535745394
SERBIA,Republic,Belgrade,13.43,100.0,19800.0,7.55,11.81,30.4,62.5,0.63,43.7,99.5%,86.39511319926685,1.3425215231478889,83.50047621715503,25.853862961510448,127.01393542121875,571.1335415752382,43.02088442574283,3.884437970381161,30.319849239744944,7.021868638765944,0.3467866892938833,0.5465242270619476,-0.10899395866083945,-0.10515686206293162,-0.1138680871881231,-0.10560428704955807,-0.09266389603221667,0.49079954573027107,0.39273942046922977,0.8692537317932473,0.09445626835461861,-0.0854797992719503,-0.0905286056700884,-0.23176379203558609,-0.34216766014108774,-0.37543918992039566
SEYCHELLES,Republic,Victoria,27.64,100.0,28800.0,7.86,3.0,16.5,63.6,0.6,38.2,95.9%,214.54285714285714,1.6083264185541453,92.40193818699612,35.819580605837096,188.65668889640125,1156.043956043956,,143.41764241884098,,10.244117315631499,0.3508771929824561,0.5465242270619476,-0.10766930692245409,-0.10390428594410912,-0.10850697713403866,-0.09894094441583993,0.3087414623896391,0.5374271374831937,-0.8776030736995761,-0.24800718535975397,0.12385131689432007,-0.06706637273947846,,-0.11299761155553871,-0.3421666403999802,-0.3754391482341289
SIERRA LEONE,Republic,Freetown,26.99,27.0,1600.0,4.1,5.33,10.8,63.9,2.41,19.2,47.7%,124.37922368053616,0.020206465170789535,11.759028922187149,,92.35581564519244,163.3761519128735,,0.8980651187017571,,100920.06771410994,66102.94117647059,-2.554222035284337,-0.11558378063370169,-0.11525201541143745,,-0.10935069541207681,-0.9043947319519695,-0.028120427003866303,-0.541632811337111,-0.7061645398757329,0.13186814831423857,-0.09831631329511104,,-0.23430569665596107,-0.310231831640586,0.29821143968174024
SINGAPORE,Republic,Singapore,28.41,100.0,106000.0,7.61,3.62,9.1,153.41,0.9,38.9,97.5%,8425.525944726453,2.0484042612833355,89.85198103619466,25.265326088721007,144.9396632818348,4935.138183869148,,,,39.83008285828708,0.4115866839602248,0.5465242270619476,-0.10547615740011321,-0.10426310514054407,-0.11418469368436546,-0.10366658537401302,3.7519074257415572,0.49982424090825617,-0.7882032613971176,-0.8428079613980425,2.523823416303942,0.05190239957508798,,,-0.34215727736556106,-0.37543852954454193
SINT MAARTEN,Democracy,Philipsburg,,100.0,35300.0,-6.6,12.0,,,1.19,41.1,,1343.4411764705883,,85.57698622939336,,150.71042318891347,1558.8235294117646,,,,,,0.5465242270619476,,-0.10486466434747342,,-0.10304278860391465,0.5986453323609794,-1.6375244004111909,0.42013613714256376,,,-0.054386564174734316,,,,
SLOVAKIA,Republic,Bratislava,11.08,100.0,31900.0,3.01,6.74,21.5,77.36,0.13,42.5,,112.78077122960191,1.4502373040184364,88.58465281027715,31.36333550156221,135.70308031656756,1183.3697120881407,75.3975678203929,6.266912599977992,750.0467726847521,5.898270682332228,0.18435303606406267,0.5465242270619476,-0.1084571517816297,-0.10444143821390575,-0.11090423755066237,-0.10466502417813163,0.4470033080682783,-0.19206905607059374,-0.33832033497184244,0.15388523088233283,0.49155665135458504,-0.0662061370710456,-0.0904820259755514,-0.22973590617883755,-0.3421680157247621,-0.37544084527952004
SLOVENIA,Republic,Ljubljana,11.65,100.0,40000.0,8.21,4.42,13.9,73.6,0.08,45.9,99.7%,104.20276909334524,1.9344791622019344,89.00890089008901,31.03186509127103,124.16803585120417,1934.6434420128035,59.89777182273833,7.61980960000762,,6.191095300006191,0.15402843601895733,0.5465242270619476,-0.10604390872129654,-0.1043817398166055,-0.11108255379568012,-0.1059119177582316,0.8082681306479486,0.5900711926881063,-0.6728486648778164,-0.4569912418056391,0.3910790308916055,-0.042555466319509995,-0.09050432522572956,-0.22858436372045604,-0.3421679230549126,-0.3754411543171018
SOLOMON ISLANDS,Democracy,Honiara,25.89,76.0,2400.0,-0.2,1.03,1.9,11.46,1.69,24.8,,25.540127206460372,0.05596237090180563,35.7599550062538,0.13990592725451406,65.75578580962161,49.66769098835132,,50.36613381162506,,465886.7377575318,195882.35294117648,-0.47289920165463917,-0.11540558932307235,-0.11187470649921814,-0.12770104518539527,-0.11222605549690647,-0.8687142556478045,-0.6748902480927911,-1.1616637676283559,-1.4215330407866476,-1.2694739838875273,-0.10189594248201127,,-0.19220006597395922,-0.1947312748468283,1.6207916387155625
SOMALIA,Republic,Mogadishu,27.28,49.0,1100.0,4.05,19.86,34.7,76.7,2.49,19.0,,20.234413082601538,0.0071688563452571635,19.418935045119678,0.9374658297643983,69.67183023896082,23.910593508752076,,4.096489340146951,,69482.76150018482,45463.9175257732,-1.6197505589607992,-0.11564875419699418,-0.1141741457856934,-0.1272719936544687,-0.11180274627837754,-0.9266950296420725,-0.03564100631885377,1.5534950479446992,1.2148812097614423,0.4739196222307643,-0.10270679558087616,,-0.2315833007227678,-0.32018075758325415,0.08787943372926295
SOUTH AFRICA,Republic,Pretoria,18.99,89.0,13300.0,4.91,33.56,64.2,53.0,1.08,30.1,95%,47.797254769570266,1.0806167522608574,73.18039732821263,2.2447794021023726,172.8352935274695,617.5533360231212,17.279965746374963,7.0113987082350615,1.8814791637504424,8.096701210983978,0.5944701626571551,0.07928848890017869,-0.1102991739373176,-0.10660905996081065,-0.12656871746436993,-0.10065117590848663,-0.38256776600355696,0.09371295789893123,3.528942513337735,3.5860464655897544,-0.15941005994280275,-0.08401846869281382,-0.09056563862107264,-0.22910222352353235,-0.3421673199901349,-0.37543666578152773
SOUTH SUDAN,Republic,Juba,,7.0,1600.0,-5.2,13.91,21.0,62.7,4.78,18.7,34.5%,,0.009984833780161522,7.1709260784796385,0.0016503857487870283,27.23136485498597,,,7.261697294662925,,0.08251928743935141,0.04997501249375312,-3.403741559214826,-0.11563472063527704,-0.11589763385840725,-0.12777542047878132,-0.11639039602542742,-0.9043947319519695,-1.426948179591541,0.6955452363323957,0.11369598925812416,0.0998008226345644,,,-0.22888917740875916,-0.3421698562285106,-0.3754422147241087
SPAIN,,,15.1,100.0,34000.0,7.4,5.6,,,0.12,46.3,98.6%,94.63828810773978,0.00010588147674081483,0.005236897839600701,0.005717599744004001,0.010588147674081482,1369.1430518257243,31.041324301575212,2.8587998720020003,21.72231351957994,698.8177464893779,197.13261648745518,0.5465242270619476,-0.1156839528788072,-0.11690595936414826,-0.1277732324996894,-0.11933285644017474,0.5406645583667113,0.46823780778530866,-0.5027006350118469,,,-0.06035785046452822,-0.09054584042648607,-0.23263678223158138,-0.34194872834364476,-0.3734337482374471
SRI LANKA,Republic,Colombo,27.86,100.0,13400.0,3.33,5.39,26.1,79.1,0.56,33.9,92.3%,360.9201918613647,0.19407301775440156,63.19055183785905,7.637439878948509,131.88620110405984,1765.3257001392544,24.168342874825935,0.771662098427044,,0.9860126813234451,0.07754551584625757,0.5465242270619476,-0.11471730813786996,-0.10801478881010962,-0.12366770748872187,-0.10507761402122964,-0.3781077064655363,-0.1439373484546737,-0.5329812165981636,0.5236262538250528,0.5380542735901126,-0.047885718138439386,-0.09055572844903347,-0.23441328684554005,-0.3421695703010585,-0.37544193375348855
SUDAN,Republic,Khartoum,27.73,61.0,3700.0,-1.87,19.81,35.6,121.6,2.55,19.1,60.7%,28.410451523412934,0.08850033299419047,26.928167466858874,0.05850290730911323,33.92195608094752,17.901783883890186,4.1872849981318625,1.3618562955008637,2.440417377203868,0.34554562721663706,0.1006036217303823,-1.1100388446025058,-0.11524343479245952,-0.11311747832656972,-0.12774483636674694,-0.11566716905636157,-0.8107334816535364,-0.9260775972133736,1.5462853856622427,1.2872218446850177,1.6737720580785767,-0.10289595749668083,-0.0905844748021135,-0.23391093250769615,-0.3421697729888858,-0.3754416987686488
SURINAME,Republic,Paramaribo,27.6,98.0,14800.0,-2.73,10.06,30.5,69.3,1.11,31.6,95%,4.10101923076923,0.8471940214987206,62.9299470581891,14.422618517285414,141.6423997161431,27.58974358974359,,85.96987303031298,,3.12617720110229,0.22099447513812154,0.4615722746688987,-0.111462447569318,-0.10805146001362333,-0.12001758506753774,-0.10402300678047605,-0.31566687293324763,-1.0554315614311585,0.14040124058325812,0.877291580118089,0.27617111387277277,-0.10259097312662938,,-0.1618953070850229,-0.34216889300580405,-0.37544047186711876
SWEDEN,Monarchy,Stockholm,4.19,100.0,54800.0,2.6,8.66,24.5,44.0,0.51,41.0,,25.677405047095665,4.128474238392884,83.52047931643803,39.66818452483206,121.89892731231666,1396.7465607369588,26.58803173017169,21.92412582056498,,4.5556625081693465,0.08349568605622043,0.5465242270619476,-0.09511002660733739,-0.10515404731131563,-0.10643660047871985,-0.10615719959292107,1.468356942275,-0.2537378064534912,-0.06146930332551926,0.39502068062758494,-0.39991500254035983,-0.059488870923726025,-0.09055224729049778,-0.21640898934552072,-0.34216844061833296,-0.3754418731153858
SYRIA,Republic,Damascus,19.79,88.0,2900.0,-3.87,10.57,26.2,94.8,6.39,23.9,86.4%,123.37350648512268,0.4396183038713053,37.0307912898367,6.755854560730312,74.08677712995875,375.8896533915766,11.03896453221581,3.924384779648629,27.968604582353795,1.1337111585651594,0.5171042163882259,0.03681251270365424,-0.11349362115644715,-0.11169587978680369,-0.1241419609325492,-0.11132550763821472,-0.8464139579577014,-1.2269007698128733,0.2139397958643127,0.5316641021498943,0.9576017845658511,-0.09162622597602854,-0.09057461742617808,-0.23172979059501275,-0.34216952355910163,-0.37543745421682134
TAJIKISTAN,Republic,Dushanbe,5.0,99.0,3900.0,9.2,7.75,17.4,50.4,1.94,22.7,99.8%,65.33769344922621,0.769419043197028,32.544608512906805,0.06489336883865854,129.7867376773171,211.999152003392,4.805314112076886,2.5957347535463415,4.14811674086637,0.757089303117683,0.1839201261166579,0.5040482508654232,-0.11185004298983407,-0.11232715647259908,-0.12774139858446382,-0.1053045578770874,-0.8018133625774952,0.7389786631248585,-0.19268515686622453,-0.17566655043617846,-0.22888926558209705,-0.09678562411979799,-0.09058358565584142,-0.23286069480823296,-0.34216964274816075,-0.37544084969129937
TANZANIA,Republic,"Dodoma; note - Dodoma was designated the national capital in 1996; Dar es Salaam, the original national capital, is the country’s",23.02,42.0,2600.0,4.28,2.65,4.6,37.0,2.75,18.9,81.8%,74.10553398058252,0.024724766730280765,31.19921273174061,1.7299841587825435,82.26354919501918,163.92300745089184,4.625197561526305,2.5288424382172563,1.356965454955972,0.1675738965083724,0.06903910123642754,-1.9170823923364704,-0.1155612634561825,-0.11251647488249207,-0.1268456542644335,-0.11044163028304031,-0.8597941365717633,-0.001046341469911218,-0.9280707096767704,-1.2045111360159206,-0.5869744023384598,-0.09829909786515101,-0.09058384478596304,-0.23291763139781754,-0.34216982931138223,-0.3754420204422427
THAILAND,Monarchy,Bangkok,27.79,100.0,17100.0,1.53,1.42,7.0,50.4,0.2,41.0,94.1%,136.6145295464777,0.7612293471407413,87.68536805009104,16.445684495122194,171.9320942158648,352.43007300984556,8.078059856329151,1.447095126316862,13.695707490849303,4.369940727986563,0.24938675388389206,0.5465242270619476,-0.11189085674197069,-0.10456798176579044,-0.11892926611842208,-0.10074880825195719,-0.2130855035587734,-0.4146782037942236,-1.1054284018251963,-1.0116027762197188,-0.22888926558209705,-0.0923647514820823,-0.09057887722121868,-0.23383837995359535,-0.34216849939347815,-0.37544018252179684
TIMOR-LESTE,Republic,Dili,,100.0,5000.0,5.29,5.07,13.8,3.8,2.1,20.3,68.1%,99.23638563937071,0.19240644913898114,34.348616096289945,0.0050811562272618255,94.84824957555408,406.0777195105553,,4.064924981809461,,364488.27336891496,80902.25563909774,0.5465242270619476,-0.11472561356433766,-0.11207330414757918,-0.1277735748778159,-0.10908127296850297,-0.7527527076592684,0.1508693606928362,-0.5791230552058839,-0.46502909013048077,-1.4741704128094482,-0.09067588260054922,,-0.23161016729043438,-0.22682072316144802,0.4490310496752923
TOGO,Republic,Lome,28.06,55.0,2100.0,5.26,4.0,9.7,75.7,2.45,20.5,66.5%,160.0434127057093,0.024126946340867105,34.58195642190952,0.6055403970674961,72.38083902260132,182.97324629953113,10.444056265514389,0.919121765366366,,0.22978044134159148,0.10887316276537833,-1.3648947017816526,-0.11556424272342614,-0.11204046948284438,-0.12745055468117517,-0.11150991293292331,-0.8820944342618664,0.14635701310384366,-0.7334098280504495,-0.794580871448992,0.4471968508310357,-0.09769938179788952,-0.09057547330894417,-0.23428777391486189,-0.34216980962495286,-0.3754416144938699
TONGA,Monarchy,Nuku’alofa,25.62,100.0,6100.0,-2.67,3.97,11.1,49.41,0.3,25.4,99.4%,146.75174337517433,0.24709896313473545,70.04305224242309,4.751903137206451,60.82436015624257,948.3960948396095,,57.02283764647742,,1625150.8729246063,262.57197696737046,0.5465242270619476,-0.11445305073726704,-0.1070505339056839,-0.12521999710696025,-0.11275912348865996,-0.7036920527410415,-1.0464068662531734,-0.7377356254199232,-0.6820509949012078,-0.2553448092678284,-0.07360328598692695,,-0.18653409354698522,0.17213963165786936,-0.37276685661549186
TRINIDAD AND TOBAGO,Republic,Port of Spain,27.62,100.0,23000.0,-1.03,4.8,12.7,41.8,0.12,38.0,99%,274.4656786271451,1.5083910022309692,84.19422221590666,26.769570716041663,142.09995310701547,,,2.8419990621403097,,27.70949085586802,1.1095305832147937,0.5465242270619476,-0.1081673399731864,-0.10505924105713402,-0.1133754774007873,-0.10397354703306504,0.05005800918444316,-0.7997318647215835,-0.6180552315311482,-0.55344542170374,-0.45870509961976275,,,-0.23265108254113231,-0.3421611131545244,-0.375431416807871
TUNISIA,Republic,Tunis,21.62,99.0,10400.0,4.32,16.82,38.3,70.3,0.63,34.0,82.7%,77.08665036045313,0.4823740988572151,79.15711367779815,11.139267923617059,133.5985040975496,,13.986869207003089,2.421472886768087,28.913491246138,1.9204784964022759,0.18037800956787703,0.5040482508654232,-0.11328054555425567,-0.10576804168832563,-0.12178388073304058,-0.10489252070700972,-0.5119094926061549,0.004970121982078786,1.1151475811713543,1.5042437494557444,0.30289388527250133,,-0.09057037633398213,-0.23300902091027004,-0.34216927457180213,-0.3754408857889604
TURKEY (TURKIYE),Republic,Ankara,13.16,100.0,31500.0,11.35,13.39,24.3,41.97,0.64,33.6,96.7%,108.6148743815226,1.1585352891684153,82.36287989100778,20.01932734397489,102.87883326981364,87.48726664171969,14.93830817845412,1.1723401930746202,23.33452870982496,4.677398117267108,0.14655172413793102,0.5465242270619476,-0.10991086308544526,-0.10531693981148797,-0.1170068062123261,-0.10821319800937343,0.42916306991619585,1.0623635736693209,0.6205647485948499,0.3789449839779015,-0.4541622284818088,-0.10070535335835017,-0.09056900751753726,-0.23407224252500422,-0.3421684020928133,-0.3754412305121696
TURKMENISTAN,Republic,Ashgabat,17.34,100.0,15000.0,6.3,5.08,11.0,28.8,0.95,30.7,99.7%,12.109927010405805,0.9146312533628733,27.465700010086422,0.17572166250967786,110.70464738109706,124.68239950630945,10.880343881003554,4.568763225251624,19.15391654076139,19.153661213554887,1.1805480342250623,0.5465242270619476,-0.11112637081541092,-0.1130418390182159,-0.1276817779228434,-0.10736725784817894,-0.3067467538572064,0.30278506285558365,-0.5776811227493928,-0.6900888432260495,-0.806101127816234,-0.09953442217055494,-0.09057484563057414,-0.2311813163657392,-0.34216382080749286,-0.37543069307000526
TURKS AND CAICOS ISLANDS,Democracy,Grand Turk,,100.0,18500.0,2.1,10.0,,,1.81,35.9,,62.62341772151899,1.431771859787424,62.337662337662344,,42.25411423855004,127.63713080168777,,134.75499856822813,,4126871.831151987,293.35344899840754,0.5465242270619476,-0.10854917522899052,-0.10813480381703325,,-0.11476649506708579,-0.1506446700264847,-0.32894359960336617,0.13174964584431045,,,-0.09944140497290414,,-0.12037097567387144,0.9638562111019529,-0.3724531630576941
TUVALU,Democracy,Funafuti; note - the capital is an atoll of some 29 islets; administrative offices are in Vaiaku Village on Fongafale Islet,,99.0,4900.0,2.99,,20.6,37.0,0.81,27.5,,447.65384615384613,,68.04708308273906,3.8663115387919924,77.32623077583985,307.6923076923077,,171.83606839075523,,,,0.5040482508654232,,-0.10733139825266386,-0.12569640575022292,-0.1109753352599279,-0.757212767197289,-0.19507728779658867,,0.08154459595875733,-0.5869744023384598,-0.09377313049966177,,-0.0888087604409932,,
UGANDA,Republic,Kampala,23.12,45.0,2200.0,3.54,2.94,4.3,44.19,3.22,16.1,79%,242.16109589041096,0.05022003793341338,9.63755421333757,0.12276148947310904,62.85361443481024,104.23135464231355,6.311516996448503,0.9847066261453605,,0.10475602405801707,0.04853897679836909,-1.7896544637468972,-0.11543420652117678,-0.11555054036902239,-0.12771026812558303,-0.1125397689694872,-0.8776343747238458,-0.11235091533172623,-0.8862546684385239,-1.2286246809904457,-0.39483767597441144,-0.10017823668094886,-0.09058141871151887,-0.23423195018858237,-0.34216984919127774,-0.3754422293587287
UKRAINE,Republic,Kyiv,11.21,100.0,10700.0,3.4,8.88,16.5,58.72,2.33,45.3,100%,74.7526919027152,1.3119515586548405,79.88725566385831,17.940505758526605,129.31091116000962,292.91422850534235,37.51402482177688,4.318060783378892,71.17532321820033,4.271878315107461,0.4869830740477507,0.5465242270619476,-0.10914630557885314,-0.10566529919297069,-0.11812511918286658,-0.10535599287861284,-0.49852931399209305,-0.13340853741369124,-0.0297467892827113,-0.24800718535975397,-0.006555807536355387,-0.0942383557182064,-0.09053652828016813,-0.2313947062292913,-0.3421685304271703,-0.3754377611809683
UNITED ARAB EMIRATES,Other,Abu Dhabi,28.62,100.0,69700.0,3.92,3.36,10.7,19.7,0.58,35.7,98.1%,119.29962918660287,3.526663644642891,94.25024382237278,32.537620636552106,180.47919029816063,48.803827751196174,,4.311447323789393,78.51674641148325,27.673475845717967,0.4226193210528733,0.5465242270619476,-0.09810917923005799,-0.10364420018437644,-0.11027252470586385,-0.09982490030643404,2.1329058134400722,-0.055194512537821254,-0.8256935052658907,-0.7142023882005747,-1.049278347553764,-0.1019231375564329,,-0.23140033539360608,-0.34216112455215075,-0.37543841711108916
UNITED KINGDOM,Monarchy,London,9.88,100.0,46200.0,4.1,4.5,11.2,95.1,0.49,40.6,,281.6454511635597,1.6606327783870272,95.39545376442481,39.69856447055676,117.73082594558458,1630.3393543586988,67.74686892902906,6.750957359133496,,5.841045715076373,0.12691326530612246,0.5465242270619476,-0.10740863561173448,-0.10348305107995824,-0.10642025742764415,-0.10660775518904295,1.0847918220052268,-0.028120427003866303,-0.6613132052258862,-0.674013146576366,0.9656186159857696,-0.052135191390124895,-0.09049303288484505,-0.2293239028320104,-0.34216803383467764,-0.3754414306474333
UNITED STATES,Republic,"Washington, DC",10.73,100.0,63700.0,5.95,3.9,8.6,127.1,0.68,38.5,,37.13163867259945,3.3768554355940665,91.81690537913875,35.29064176675333,146.26170709704726,720.0375005752879,32.09193937683935,41.38487956246364,236.05346236982777,14738045.606437573,236891.9174711338,0.5465242270619476,-0.09885575579042427,-0.10398660928900828,-0.10879152255559413,-0.10352367756375279,1.8653022411588351,0.2501410076506712,-0.7478291526153621,-0.8829972030222512,1.8207473007770836,-0.0807921889274977,-0.09054432892734067,-0.19984462102671083,4.3219614296825695,2.038719546392146
URUGUAY,Republic,Montevideo,18.44,100.0,22800.0,4.37,10.45,32.9,60.4,0.27,36.2,98.8%,19.519835442676342,1.5654527870211437,89.57153194249625,31.136381731622617,137.57718958487985,444.1447875896352,9.559180641659287,38.93141747827451,2.382652915464389,1.7563045478920833,0.07680491551459293,0.5465242270619476,-0.10788296976885985,-0.10430256875208364,-0.11102632852105306,-0.10446244023299979,0.04113789010840192,0.012490701297066257,0.19663660638641733,1.0701999399142907,0.038338448415188596,-0.08947750222632145,-0.09057674636201633,-0.20193292912400956,-0.3421693265277313,-0.3754419413009363
UZBEKISTAN,Republic,Tashkent,14.59,99.0,7700.0,7.42,7.16,16.0,24.3,1.61,28.7,100%,73.72081805359662,0.5115297309038572,83.47991743587448,15.369516935071502,111.60416769501936,203.32863187588154,10.912082745651153,1.6900059679531503,34.42407146215327,3.252464315683421,0.37769384581204174,0.5040482508654232,-0.11313524703138506,-0.10515975500777049,-0.11950819609938053,-0.1072700231900927,-0.6323311001327117,0.4712460395113036,-0.2777591717992092,-0.28819642698396264,-0.9263535991150124,-0.09705857871492389,-0.09057479996849684,-0.2336316220498235,-0.342168853039875,-0.37543887494598904
VANUATU,Republic,Port-Vila,24.82,70.0,2800.0,0.45,2.18,5.4,48.4,1.59,24.2,89.1%,25.682664697678234,0.11180465490694658,67.46612318956319,0.8896456111881321,79.86046779067613,87.78406760193617,,99.0269800604384,,718744.2101160851,253.33273284092957,-0.7277550588337859,-0.1151272965607447,-0.1074131484742175,-0.1272977187917591,-0.11070139406501187,-0.850874017495722,-0.5771227169979536,-0.9958415351318601,-1.1402083494171866,-0.28233480838155417,-0.10069600983746127,,-0.15078151710064697,-0.11470977906640424,-0.37286101362521706
VENEZUELA,Republic,Caracas,26.27,99.0,7704.0,-19.67,6.41,14.9,38.9,2.4,30.8,97.5%,34.599240405872685,1.0798780795497516,74.49363757959989,8.393519158693845,55.70435535970924,109.05164106343179,0.5067739924040587,14.548666929241707,15.338132758913895,3.375028589441207,0.38280001486602,0.5040482508654232,-0.11030285514901753,-0.10642426634120779,-0.12326097067628215,-0.11331257615458147,-0.6321526977511909,-3.603403833348923,-0.38590410603605424,-0.3766127585572217,-0.5362011366789755,-0.10002649038325068,-0.09058976988055921,-0.22268674298324806,-0.34216881425210877,-0.3754388229090905
VIETNAM,Communist,Hanoi,25.54,100.0,10600.0,2.56,2.17,7.2,58.5,0.93,32.7,95.8%,337.98553229915825,0.6229342990814031,68.49290625134125,15.934523491568742,133.58883916394225,630.3995871899893,8.385203341181024,0.4293926973126716,,2.375972925130116,0.24034749034749034,0.5465242270619476,-0.11258005689963481,-0.10726866390002596,-0.11920424786015006,-0.10489356544885733,-0.5029893735301136,-0.25975426990548117,-0.9972834675883513,-0.9955270795700355,-0.01243481724429564,-0.08361405889564229,-0.09057843533995713,-0.2347046155627886,-0.34216913042203595,-0.37544027464080715
VIRGIN ISLANDS,Republic,Charlotte Amalie,27.88,100.0,37000.0,-2.15,13.27,27.0,53.3,0.49,42.7,,303.228323699422,3.0595613675572118,64.34419588817828,,76.25075059332615,3641.618497109827,,,,19.06268764833154,0.5167958656330749,0.5465242270619476,-0.10043700634701011,-0.10785245289361102,,-0.11109159049753256,0.6744663445073299,-0.9681928413773035,0.6032615591169546,0.5959668887486284,-0.15139322852288425,0.011181411999438326,,,-0.34216384959778606,-0.37543745735921963
WEST BANK,,,,100.0,5600.0,7.05,24.9,39.6,24.4,2.1,21.7,97.5%,563.2179078014184,0.06768351440509811,123.97727848681068,11.743876766893884,127.59022448575482,830.8510638297873,,,,0.9444211312339271,0.1079913606911447,0.5465242270619476,-0.11534717642930767,-0.0994611374661129,-0.12145862823601394,-0.10554199243621613,-0.7259923504311446,0.4155937525803961,2.2802290060162975,1.6087357776786873,-0.9236813219750397,-0.07730369333002829,,,-0.3421695834634857,-0.3754416234803028
WORLD,,,,91.0,17000.0,5.87,6.18,17.9,67.2,1.03,31.0,86.7%,53573660.60158453,,,1.2532488895234172e-08,1.0025991116187338e-07,,7709050.624412516,,,4455514.483790523,265152.99075179,0.1642404412932276,,,-0.12777630830570544,-0.11933400096704554,-0.21754556309679401,0.2381080807466912,-0.41906855253535347,-0.1354773088119698,0.22005329393334294,,11.000268279816462,,1.0678613504244352,2.3267277552150243
YEMEN,Other,Sanaa,26.0,74.0,2500.0,-5.9,13.57,25.5,74.5,1.83,21.6,70.1%,59.786960573368084,0.05613705704076228,26.071493900227214,1.2386901412493256,47.5200821451148,135.0460633977817,,1.8057631215143624,3.8089429662403784,0.31680054763409865,0.13581420616596496,-0.557851154047688,-0.11540471876612762,-0.11323802581133402,-0.12710994845687515,-0.11419726435493514,-0.8642541961097839,-1.532236290001366,0.6465195328116927,0.4753991638760023,0.41512952515136137,-0.09920816611671772,,-0.2335330932799436,-0.34216978208580606,-0.3754413399380675
ZAMBIA,Republic,Lusaka,22.28,46.0,3200.0,4.6,13.03,26.1,103.7,2.86,18.2,86.7%,27.194085805988177,0.15161236660275862,19.73681379265928,0.40718679222314136,98.93139745693874,91.02930058999351,4.205015348440539,4.352981488105305,,0.2967941923708162,0.09519276534983341,-1.7471784875503726,-0.11492891287628168,-0.11412941523140936,-0.12755726004281065,-0.10863990051474391,-0.8330337793436395,0.04708536614600868,0.5686551801611641,0.5236262538250528,1.1954344500234355,-0.10059384742467432,-0.09058444929380892,-0.23136498284741658,-0.34216978841719287,-0.3754417539106117
ZIMBABWE,Republic,Harare,22.53,48.0,2100.0,8.47,5.17,7.3,82.3,1.99,21.0,89.7%,39.85729241793267,0.16038992717532,36.31959531669196,1.3195752112016896,92.46962481987751,251.43532197483762,8.858799473693734,12.711858360842184,,0.45399494145864944,0.2069169376293231,-1.6622265351573238,-0.11488516947248374,-0.11179595627926998,-0.1270664359094377,-0.10933839308158322,-0.8820944342618664,0.6291782051260412,-0.5647037306409713,-0.9874892312451936,0.6235671420692441,-0.09554414337244137,-0.090577753986561,-0.2242501754207394,-0.3421697386680636,-0.3754406153311098